,Code,Name,Industry,Main_product,부채비율,시가총액(억),종가,PER_EPS,PBR_BPS,Return_rate(PER),Return_rate(PBR),ROE_20,ROE_19,roe_past_2,roe_past_3
0,077500,유니퀘스트,기계장비 및 관련 물품 도매업,"반도체직접회로 도매,무역,제조",6,3015,11050.0,747901.28,8929.08,6668.34,-19.19,7.66,12.68,6.55,5.48
1,040910,아이씨디,특수 목적용 기계 제조업,"건식세정기,LCD,반도체 장비,광정보통신 부품,장비 제조,연구개발,용역 서비스,수출입",6,2644,14850.0,231624.97,18274.53,1459.76,23.06,29.14,8.01,22.47,19.84
2,091700,파트론,전자부품 제조업,이동통신안테나및유전체필터류등,6,5345,9870.0,94710.82,11475.57,859.58,16.27,11.6,18.71,3.09,0.26
3,060150,인선이엔티,폐기물 처리업,건축폐기물처리,6,3524,9180.0,86667.57,9062.52,844.09,-1.28,14.28,8.58,8.83,1.91
4,200130,콜마비앤에이치,기초 의약물질 및 생물학적 제제 제조업,기업인수합병,6,18228,61700.0,457601.83,59971.73,641.66,-2.8,25.85,23.84,25.89,30.94
5,064960,S&T모티브,자동차 신품 부품 제조업,"자동차부품(서스펜션모듈,전장품,속옵서버,에어백,트로틀바디,너클),방산품(총포) 제조,도매",6,6061,41450.0,272332.93,55528.29,557.02,33.96,9.74,0.33,7.77,8.12
6,096530,씨젠,의료용품 및 기타 의약 관련제품 제조업,"호흡기성 병원체 검사제품, 성감염증원인균 검사제품",6,54698,208500.0,1293677.13,121689.87,520.47,-41.64,101.82,19.01,8.76,2.52
7,017960,한국카본,"구조용 금속제품, 탱크 및 증기발생기 제조업","탄소섬유(카본프리프레그(낚시대,테니스라켓,골프 Shaft,스포츠레저용품)),합성수지,글라스페이퍼,LNG선박용 단열판넬 제조,도매",6,3666,8340.0,50502.15,7365.76,505.54,-11.68,10.94,5.74,-0.97,0.24
8,009150,삼성전기,전자부품 제조업,"영상,음향,통신장비,모듈,다층인쇄회로기판,적층세라믹콘덴서,고주파필터,전압제어발진기,온도보상형수정발진기,칩인덕터,디지털위성방송수신기,광픽업,편향코일",6,102704,137500.0,796248.63,112915.64,479.09,-17.88,8.39,10.18,14.5,3.82
9,237880,클리오,기타 화학제품 제조업,"색조화장품, 기초화장품",5,2976,17350.0,64377.24,22369.56,271.05,28.93,8.52,2.05,0.7,5.55
10,002150,도화엔지니어링,"건축기술, 엔지니어링 및 관련 기술 서비스업","토목설계,건축설계,종합감리전문업,종합기술용역,엔지니어링",6,2667,7910.0,29046.4,7284.59,267.21,-7.91,11.19,6.93,5.69,5.07
11,230240,에치에프알,통신 및 방송 장비 제조업,통신장비제조업,6,4278,35700.0,120270.44,0.0,236.89,-100.0,15.92,1.29,0.66,6.43
12,052710,아모텍,전자부품 제조업,"칩바리스터, 아몰퍼스코어",5,3030,31100.0,103774.2,31234.67,233.68,0.43,3.32,0.18,3.66,14.2
13,222980,한국맥널티,기타 식품 제조업,커피 및 의약품,6,701,6810.0,22393.77,8281.73,228.84,21.61,23.42,-3.84,2.42,4.52
14,227840,현대코퍼레이션홀딩스,음·식료품 및 담배 도매업,"브랜드사업, 육류유통",6,897,9860.0,31075.01,17635.32,215.16,78.86,9.32,5.93,2.58,6.62
15,028260,삼성물산,기타 전문 도매업,"도소매, 건설, 남자용 정장 제조업 등",5,198100,106000.0,318774.47,142555.98,200.73,34.49,4.7,4.77,8.06,3.13
16,141000,비아트론,특수 목적용 기계 제조업,AMOLED 등 제조장비,6,1179,9730.0,27395.91,0.0,181.56,-100.0,12.81,3.66,20.6,11.73
17,009420,한올바이오파마,의약품 제조업,"의약품 제조,도매/부동산 임대",6,16691,31950.0,87475.48,33126.82,173.79,3.68,13.92,14.9,2.89,5.39
18,091120,이엠텍,전자부품 제조업,"마이크로스피커,리시버",6,2096,13050.0,35511.6,13948.46,172.12,6.88,4.08,0.21,14.27,3.98
19,123420,선데이토즈,소프트웨어 개발 및 공급업,모바일게임,6,2359,24650.0,66270.88,33134.43,168.85,34.42,17.68,2.16,7.51,11.12
20,074600,원익QnC,유리 및 유리제품 제조업,석영유리가공제품,5,3720,14150.0,36464.87,16816.26,157.7,18.84,11.93,1.23,21.25,18.11
21,036200,유니셈,특수 목적용 기계 제조업,반도체장비(DryGasScrubber),6,1898,6190.0,15827.34,0.0,155.69,-100.0,18.8,18.57,22.72,29.81
22,083550,케이엠,기타 섬유제품 제조업,클린룸용Wiper,6,1902,18500.0,46835.6,0.0,153.17,-100.0,47.76,8.15,6.07,6.14
23,181710,엔에이치엔,소프트웨어 개발 및 공급업,한게임,6,16043,82000.0,204454.57,69098.21,149.33,-15.73,4.87,0.78,5.79,1.12
24,039840,디오,의료용 기기 제조업,자동포장기계,6,3990,25700.0,62836.53,48202.56,144.5,87.56,14.13,16.97,4.87,7.88
25,054950,제이브이엠,일반 목적용 기계 제조업,"전자동 정제,분류 및 포장시스템",6,2064,32600.0,78370.93,49912.0,140.4,53.1,11.71,4.7,6.68,9.82
26,092730,네오팜,기타 화학제품 제조업,생체기능성(아토피)보습제,6,2573,31350.0,74841.46,75005.28,138.73,139.25,17.58,23.33,28.76,26.83
27,012630,HDC,기타 금융업,"토목공사,건축공사,아파트분양사업,재개발/재건축사업",5,5610,9390.0,21869.25,24758.29,132.9,163.67,11.67,12.58,38.82,14.36
28,054450,텔레칩스,반도체 제조업,"디지털미디어프로세서,발신자정보표시칩",6,1102,8160.0,18760.0,10427.69,129.9,27.79,7.62,8.32,10.3,1.9
29,005440,현대그린푸드,종합 소매업,"백화점,여행알선,숙박,음식점/부동산 임대",6,7846,8030.0,17166.15,15849.25,113.78,97.38,6.03,3.2,6.1,7.12
30,143240,사람인에이치알,"자료처리, 호스팅, 포털 및 기타 인터넷 정보매개 서비스업","온라인 채용광고(취업포털), 인재파견, 취업지원 등",6,3090,26500.0,55909.0,32674.05,110.98,23.3,19.98,25.35,20.17,4.56
31,115960,연우,플라스틱제품 제조업,화장품 용기,6,2021,16300.0,33580.0,35018.47,106.01,114.84,6.85,8.37,3.89,4.26
32,041920,메디아나,의료용 기기 제조업,"환자감시장치, 자동심장 제세동기(AED)",6,1760,20350.0,39426.07,20536.76,93.74,0.92,30.54,12.68,6.95,7.27
33,220630,해마로푸드서비스,음·식료품 및 담배 도매업,"햄버거, 치킨, 식음료유통",5,2464,2420.0,4643.8,4945.14,91.89,104.34,27.6,18.15,26.3,22.49
34,039030,이오테크닉스,특수 목적용 기계 제조업,레이저 마커 및 레이저 응용기기,6,12812,104000.0,186834.08,117830.96,79.65,13.3,10.72,3.17,5.98,12.7
35,131390,피앤이솔루션,"전동기, 발전기 및 전기 변환 · 공급 · 제어 장치 제조업","2차전지 공정용 장비, 산업용 정류기",5,2986,20150.0,35720.32,17411.65,77.27,-13.59,24.24,21.81,18.33,14.63
36,057050,현대홈쇼핑,무점포 소매업,TV홈쇼핑 도소매/홈쇼핑프로그램 제작,6,7500,62500.0,109801.53,115641.11,75.68,85.03,7.59,5.03,10.32,8.16
37,119610,인터로조,의료용 기기 제조업,"콘텍트렌즈(소프트렌즈, 원데이렌즈, 하드렌즈 등)",6,2621,22450.0,39221.94,44390.0,74.71,97.73,15.7,13.89,13.05,19.97
38,051600,한전KPS,전기 및 통신 공사업,"일반전기공사,발전설비정비공사,점검,수리,엔지니어링",6,13365,29700.0,51815.36,59009.79,74.46,98.69,13.76,14.98,17.08,16.04
39,025000,KPX케미칼,기초 화학물질 제조업,"PPG,PU RESIN,우레탄수지,대향막박리재,반도체 CM PAD,Polyether Polyol,산업용기초화학제품,화공약품 제조,판매",6,2217,45800.0,78628.23,61987.99,71.68,35.34,7.44,9.04,2.54,6.19
40,255440,야스,특수 목적용 기계 제조업,"OLED 증착기, OLED 증착원",6,1763,13500.0,23151.18,0.0,71.49,-100.0,26.55,11.22,29.17,20.84
41,060980,한라홀딩스,기타 금융업,지주회사 및 경영컨설팅 서비스업,6,2885,27550.0,46490.59,51468.04,68.75,86.82,3.62,4.69,1.46,4.64
42,036830,솔브레인홀딩스,기타 화학제품 제조업,"반도체,디스플레이,2차전지 공정용 화학제품",6,16685,95900.0,161743.45,149617.44,68.66,56.01,18.64,15.06,14.53,6.85
43,028150,GS홈쇼핑,텔레비전 방송업,CATV홈쇼핑,6,6989,106500.0,178975.09,202015.33,68.05,89.69,9.41,9.81,12.46,10.1
44,030520,한글과컴퓨터,소프트웨어 개발 및 공급업,오피스소프트웨어,5,3764,15400.0,25664.11,22132.75,66.65,43.72,10.41,8.87,3.39,11.74
45,056190,에스에프에이,특수 목적용 기계 제조업,"반도체, Display 제조설비 및 공장자동화기기",6,12083,33650.0,55822.48,48546.88,65.89,44.27,16.34,15.9,20.22,29.26
46,093050,LF,봉제의복 제조업,"기성복, 의류, 잡화, 제조",6,3523,12050.0,19539.08,25642.68,62.15,112.8,4.35,5.65,7.35,6.87
47,043150,바텍,의료용 기기 제조업,"치과용 디지털 X-ray기기 (파노라마, CT) 및 구강스캐너 등",6,3030,20400.0,32954.78,51285.6,61.54,151.4,12.42,14.49,13.13,46.14
48,123890,한국자산신탁,신탁업 및 집합투자업,"부동산 신탁 서비스, REITs",6,3465,2795.0,4484.04,5460.95,60.43,95.38,16.42,14.28,18.52,27.12
49,111770,영원무역,상품 종합 도매업,스포츠의류,6,10901,24600.0,38855.97,46629.17,57.95,89.55,7.61,9.82,8.15,8.78
50,240810,원익IPS,특수 목적용 기계 제조업,반도체 제조용 기계,6,16615,33850.0,52339.8,40595.25,54.62,19.93,19.47,9.16,25.45,35.83
51,014830,유니드,기초 화학물질 제조업,"탄산칼륨,가성칼륨,가성카리,탄산카리(무기화합물),MDF(가공목재) 제조,도매",6,3703,41650.0,64151.46,0.0,54.03,-100.0,10.66,9.87,5.52,6.19
52,036190,금화피에스시,전기 및 통신 공사업,"설비,철물,전기,강구조물",6,1464,24400.0,37479.92,0.0,53.61,-100.0,12.11,12.04,19.69,11.76
53,080000,에스엔유,특수 목적용 기계 제조업,"OLED증착장비, OLED봉지장비, LCD검사장비 등",6,1234,3595.0,5501.87,0.0,53.04,-100.0,9.53,6.92,9.68,6.22
54,192080,더블유게임즈,소프트웨어 개발 및 공급업,온라인 게임,5,14203,77300.0,117791.42,84960.44,52.38,9.91,19.69,18.93,19.02,9.04
55,086960,한컴MDS,소프트웨어 개발 및 공급업,"임베디드개발솔루션,임베디드소프트웨어",6,1108,12550.0,19114.9,21248.7,52.31,69.31,8.21,7.38,5.82,8.97
56,005490,포스코,1차 철강 제조업,"열연코일,냉연강판,후판,선재,스테인리스 제조",6,169142,194000.0,294525.23,244785.49,51.82,26.18,2.35,4.18,3.88,6.48
57,034830,한국토지신탁,신탁업 및 집합투자업,부동산신탁 등,6,4406,1745.0,2641.86,3793.43,51.4,117.39,12.54,12.72,21.75,25.66
58,009450,경동나비엔,가정용 기기 제조업,"가정용기름보일러,입형,횡형 온수보일러,가스보일러,버너,흡수식 냉온수기,전기보일러,진공온수보일러,태양열보일러 제조,판매",5,6472,50800.0,76561.04,56988.53,50.71,12.18,15.13,9.59,9.23,10.73
59,033290,코웰패션,"섬유, 의복, 신발 및 가죽제품 소매업","콘덴서,저항기",6,5106,5770.0,8650.32,7454.73,49.92,29.2,22.73,22.72,26.8,29.71
60,028670,팬오션,해상 운송업,"해상화물운송(외항,운수보관)",6,19138,3580.0,5361.45,5006.47,49.76,39.85,4.99,5.49,6.06,5.8
61,100120,뷰웍스,의료용 기기 제조업,X-Ray Detector,6,3546,35450.0,52612.39,63032.13,48.41,77.81,16.16,16.03,15.56,16.6
62,007310,오뚜기,기타 식품 제조업,"라면,마요네즈,카레,스프,당면,소오스,토마토케첩,마가린,냉동생지(바게트,크로와상),참치캔,식초,3분짜장 제조",6,19901,552000.0,816534.04,988556.15,47.92,79.09,10.31,7.79,13.87,12.34
63,104830,원익머트리얼즈,기초 화학물질 제조업,"저메인가스,디실란,아산화질소,암모니아 등",6,3474,27550.0,40682.95,40871.03,47.67,48.35,9.72,9.55,16.27,9.06
64,036890,진성티이씨,특수 목적용 기계 제조업,트랙롤라. 플로팅 씰,6,1776,7900.0,11564.16,10295.29,46.38,30.32,13.91,16.91,19.4,9.9
65,021240,코웨이,그외 기타 개인 서비스업,"렌탈 서비스(정수기,비데, 필터교환 등), 가정용기기 도매,판매,제조,폐기물처리설비,수출(정수기,청정기)",5,54981,74500.0,108291.98,101278.19,45.36,35.94,32.38,30.74,33.84,30.12
66,068930,디지털대성,일반 교습 학원,대성N스쿨 (교육 프랜차이즈),6,1383,6100.0,8845.03,0.0,45.0,-100.0,18.85,19.7,8.48,10.78
67,034310,NICE,회사 본부 및 경영 컨설팅 서비스업,"기업신용분석,유가증권등급평정,기업정보,긍융정보,경제정보,소비자신용정보 제공,시장조사,사회여론조사,점외 CD/ATM사업",6,8069,21300.0,30743.42,23160.83,44.34,8.74,9.42,4.39,10.01,9.21
68,069260,휴켐스,기타 화학제품 제조업,"화합물,화학제품 제조",6,6725,16450.0,23531.4,24385.77,43.05,48.24,11.12,10.82,17.02,21.3
69,000100,유한양행,의약품 제조업,"의약품(삐콤씨,알마겔,세파졸린주사,아코텍스주사,이세파신,신생아호흡곤란치료제 등),생활용품(유한락스,비누,홈키파),식혜 도매",6,37774,56500.0,80784.34,49226.33,42.98,-12.87,8.86,2.43,3.55,7.04
70,215200,메가스터디교육,일반 교습 학원,"오프라인 학원, 온라인 강의",6,4014,33950.0,48287.28,27042.21,42.23,-20.35,14.22,20.45,20.86,5.52
71,005180,빙그레,낙농제품 및 식용빙과류 제조업,"아이스크림,우유,스낵,유산균(욥닥터캡슐) 제조",6,6118,62100.0,87529.59,70710.68,40.95,13.87,7.45,7.36,6.37,5.64
72,079430,현대리바트,가구 제조업,"일반목재가구(책상,침실가구),주방가구,목창호,사무용가구,선실가구 제조",6,3881,18900.0,26515.31,31397.83,40.29,66.13,8.25,4.3,9.03,10.69
73,031430,신세계인터내셔날,"섬유, 의복, 신발 및 가죽제품 소매업","섬유, 의복, 신발 및 가죽제품 소매",6,10603,148500.0,206089.94,158324.3,38.78,6.62,9.65,12.98,11.09,4.96
74,099190,아이센스,의료용 기기 제조업,"혈당측정스트립, 혈당측정기기 등",6,3771,27450.0,38070.08,36606.97,38.69,33.36,12.49,12.35,13.16,10.07
75,140860,파크시스템스,"측정, 시험, 항해, 제어 및 기타 정밀기기 제조업; 광학기기 제외",연구용 및 산업용 원자현미경,6,3721,55800.0,74607.0,49198.92,33.7,-11.83,30.13,21.14,16.78,15.95
76,020000,한섬,봉제의복 제조업,"여성의류,금속 액세서리,신발,가방,선글라스 제조,판매",6,8054,32700.0,43544.88,40495.86,33.16,23.84,8.08,8.37,7.56,5.96
77,200670,휴메딕스,의약품 제조업,"히알루론산 관절염치료제, 히알루론산 더말필러",6,2837,28450.0,37709.79,37633.69,32.55,32.28,10.84,9.55,8.6,11.0
78,036930,주성엔지니어링,특수 목적용 기계 제조업,LP CVD,5,3570,7400.0,9728.78,13194.07,31.47,78.3,9.55,11.5,22.21,25.0
79,214450,파마리서치프로덕트,생활용품 도매업,재생의약품,6,5623,58400.0,76452.59,61081.5,30.91,4.59,11.19,8.2,7.65,7.39
80,035760,CJ ENM,텔레비전 방송업,"의류, 생활주방, 가전제품, 보석, 기타",6,25438,116000.0,151293.05,184950.44,30.43,59.44,4.85,3.65,8.58,13.45
81,083450,GST,특수 목적용 기계 제조업,"GasScrubber,Chiller",6,1831,19650.0,25602.46,14616.62,30.29,-25.62,27.29,19.83,12.42,23.25
82,037560,LG헬로비전,텔레비전 방송업,"케이블TV, 인터넷서비스 등",6,3075,3970.0,5130.48,7953.88,29.23,100.35,2.48,-9.4,3.83,2.96
83,228850,레이언스,의료용 기기 제조업,"TFT Detector, CMOS Detector, I/O Sensor",6,1875,11300.0,14539.03,14873.1,28.66,31.62,8.78,7.81,8.77,8.55
84,001630,종근당홀딩스,의약품 제조업,"의약품(항생제,위궤양치료제,장기이식면역억제제,고지혈증치료제(로바이드)) 제조,도매",6,6012,120000.0,154197.87,111376.86,28.5,-7.19,11.4,10.03,6.55,12.48
85,033780,케이티앤지,담배 제조업,"잎담배,제조담배,홍삼,홍삼제품 제조,판매",6,110383,80400.0,103178.08,118377.9,28.33,47.24,12.47,12.39,11.38,15.71
86,012750,에스원,"경비, 경호 및 탐정업","부가통신 서비스(경비),안전관리용역,CCTV카메라",6,32299,85000.0,108105.69,108953.41,27.18,28.18,11.45,11.32,8.34,12.42
87,046890,서울반도체,반도체 제조업,"Display, Chip LED, Lamp",6,8454,14500.0,18427.66,20128.19,27.09,38.82,5.04,5.27,10.1,6.73
88,003850,보령제약,의약품 제조업,"의약품(제산제(겔포스),구심,용각산,고혈압치료제(카프릴),소염진통제(멘소레담),항생제(듀리세프),혈전치료제(아스트릭스)) 제조",6,8095,17000.0,21382.88,15895.88,25.78,-6.49,9.68,11.95,8.03,25.48
89,004000,롯데정밀화학,기초 화학물질 제조업,"염소·셀룰로스계열, 암모니아 계열, 전자재료 등 화학제품 제조",6,11068,42900.0,53912.4,53757.4,25.67,25.31,11.5,11.73,16.72,7.74
90,112610,씨에스윈드,"구조용 금속제품, 탱크 및 증기발생기 제조업",풍력발전타워 제조,6,11391,65900.0,82638.08,38636.64,25.4,-41.37,15.24,9.92,1.96,12.98
91,067160,아프리카TV,소프트웨어 개발 및 공급업,미디어플랫폼,6,7230,62900.0,78297.27,63318.05,24.48,0.66,24.69,32.52,26.6,23.24
92,099320,쎄트렉아이,"항공기,우주선 및 부품 제조업","소형인공위성,지상시스템",6,1770,24350.0,30156.51,0.0,23.85,-100.0,14.27,11.74,8.23,10.76
93,192440,슈피겐코리아,그외 기타 제품 제조업,"핸드폰 케이스, 액정보호필름",6,3630,58400.0,72002.28,81427.99,23.29,39.43,17.48,14.52,17.7,19.59
94,013030,하이록코리아,1차 철강 제조업,관이음쇠,6,1790,13150.0,16092.77,21554.21,22.38,63.91,4.68,3.81,3.48,7.42
95,136540,윈스,"컴퓨터 프로그래밍, 시스템 통합 및 관리업","네크워크보안장비(IPS, 안티 DDoS)",6,1938,15950.0,19408.17,15426.65,21.68,-3.28,15.49,13.61,12.04,9.08
96,139480,이마트,종합 소매업,대형마트,6,30803,110500.0,134109.49,202724.3,21.37,83.46,3.38,2.75,5.49,7.73
97,053300,한국정보인증,소프트웨어 개발 및 공급업,"공인인증서, PKI솔루션 등",6,1960,6290.0,7586.67,0.0,20.61,-100.0,9.62,8.65,10.19,7.67
98,214150,클래시스,의료용 기기 제조업,미용의료기기,6,8995,13900.0,16753.99,23061.98,20.53,65.91,40.33,48.06,34.51,-19.95
99,084010,대한제강,1차 철강 제조업,"제강,철재,철근,환봉,마환봉,빌레트 제조",6,1659,6730.0,7960.52,8322.4,18.28,23.66,8.83,6.73,-3.83,6.86
100,010130,고려아연,1차 비철금속 제조업,"연,아연괴 제조,판매",6,74631,395500.0,467681.33,529632.6,18.25,33.91,8.74,9.76,8.64,10.96
101,108320,실리콘웍스,반도체 제조업,"LDI, T-Con, PMIC, EPD-IC 등",6,7197,44250.0,51980.92,48527.61,17.47,9.67,12.85,8.39,11.4,11.87
102,043370,평화정공,자동차 신품 부품 제조업,"자동차용 도어랫치, 도어힌지",6,1359,6470.0,7583.58,11539.43,17.21,78.35,2.46,5.65,8.54,15.06
103,086980,쇼박스,"영화, 비디오물, 방송프로그램 제작 및 배급업",영화투자및배급,6,1712,2735.0,3167.77,0.0,15.82,-100.0,3.5,2.32,3.11,11.95
104,063160,종근당바이오,의약품 제조업,"의약품,원료의약품 제조",6,2236,40750.0,47173.64,31301.63,15.76,-23.19,10.52,8.01,5.49,5.78
105,036570,엔씨소프트,소프트웨어 개발 및 공급업,"인터넷머그게임(리니지),그룹웨어,인터넷커뮤니티 개발,유지,공급",6,176071,802000.0,928430.34,580441.78,15.76,-27.63,28.91,14.72,16.44,19.14
106,003550,LG,기타 금융업,지주회사,6,124414,72100.0,83455.95,89478.99,15.75,24.1,8.05,5.87,10.96,16.04
107,089030,테크윙,특수 목적용 기계 제조업,"반도체테스트핸들러,C.O.K(Change Over Kit)",5,3864,20000.0,22732.9,19318.06,13.66,-3.41,17.18,6.41,12.77,29.18
108,018260,삼성에스디에스,"컴퓨터 프로그래밍, 시스템 통합 및 관리업","IT서비스, 물류BPO",6,131929,170500.0,193394.03,237847.23,13.43,39.5,7.98,11.76,10.91,9.91
109,039440,에스티아이,특수 목적용 기계 제조업,"Chemical 중앙공급시스템(C.C.S.S), 세정·식각시스템",6,3008,19000.0,21453.79,26299.78,12.91,38.42,18.32,14.59,16.44,33.49
110,023160,태광,1차 철강 제조업,"각종 배관자재, 관이음쇠류 제조 및 판매,발전기부품 및 판매업,반도체장비 제조업 및 무역도매",6,1982,7480.0,8380.8,10102.71,12.04,35.06,2.62,2.53,2.39,-3.8
111,004370,농심,기타 식품 제조업,"라면,스낵,유지 제조,도매,수출입",6,22323,367000.0,410107.16,367871.1,11.75,0.24,6.72,3.72,4.54,5.01
112,234080,JW생명과학,의약품 제조업,"기초수액, TPN, 특수수액, HEMO, 영양수액 등",6,3199,20200.0,22563.17,19287.97,11.7,-4.51,20.29,18.92,14.97,17.45
113,001430,세아베스틸,1차 철강 제조업,"특수강,철도용품,자동차부품 제조,수출입",6,4124,11500.0,12823.33,22704.93,11.51,97.43,1.45,0.93,1.14,7.09
114,090350,노루페인트,기타 화학제품 제조업,페인트 제조,6,1474,7370.0,8196.66,9709.56,11.22,31.74,4.88,6.0,4.2,10.23
115,263700,케어랩스,소프트웨어 개발 및 공급업,"헬스케어 미디어플랫폼, 헬스케어 디지털마케팅, 헬스케어 솔루션",6,879,10450.0,11603.19,0.0,11.04,-100.0,7.39,0.96,8.54,28.27
116,003230,삼양식품,기타 식품 제조업,"라면,스낵,유제품,장유,식용유,사료,향신료,건강음료(루이보스 티) 제조,도매",6,9416,125000.0,138507.94,106346.47,10.81,-14.92,25.56,23.15,16.16,15.28
117,069510,에스텍,영상 및 음향기기 제조업,스피커 및 스피커시스템,6,984,9020.0,9976.45,13068.2,10.6,44.88,8.21,11.74,15.15,7.97
118,005850,에스엘,자동차 신품 부품 제조업,"자동차부품(자동차램프류,샤시와조향기기,케스터홀더) 제조",6,5736,11900.0,13103.49,16083.65,10.11,35.16,4.92,7.25,2.5,9.97
119,195870,해성디에스,전자부품 제조업,반도체 패키지용 Substrate,6,3128,18400.0,20072.92,15535.39,9.09,-15.57,16.19,9.06,11.05,14.02
120,095610,테스,특수 목적용 기계 제조업,반도체장비(화학증착장비),6,5189,26250.0,28161.49,30834.87,7.28,17.47,12.6,4.56,21.09,32.17
121,023890,한국아트라스비엑스,일차전지 및 축전지 제조업,축전지,6,4163,45500.0,48793.52,60613.11,7.24,33.22,12.75,15.6,17.32,17.6
122,067900,와이엔텍,폐기물 처리업,"사업장폐기물중간및최종처리,전문건설,골재제조",6,2275,12500.0,13394.64,8059.32,7.16,-35.53,17.35,14.66,8.06,11.3
123,039340,한국경제TV,텔레비전 방송업,"광고수입, 협찬수입",6,1286,5590.0,5987.37,5782.98,7.11,3.45,14.36,13.01,14.16,13.77
124,051900,LG생활건강,기타 화학제품 제조업,"화장품,생활용품 제조,도매",6,206629,1323000.0,1416741.33,1685697.01,7.09,27.41,17.95,20.32,20.98,21.94
125,069960,현대백화점,종합 소매업,백화점,6,13995,59800.0,63466.53,107777.09,6.13,80.23,3.49,4.64,5.91,6.63
126,103140,풍산,1차 비철금속 제조업,,5,6488,23150.0,24512.66,34898.73,5.89,50.75,3.02,1.28,4.62,11.86
127,243070,휴온스,의약품 제조업,"전문의약품, 일반의약품",6,5978,60500.0,63686.56,71939.98,5.27,18.91,20.92,21.36,31.64,32.39
128,049070,인탑스,통신 및 방송 장비 제조업,휴대전화기용부품,6,1944,11300.0,11870.53,12482.88,5.05,10.47,5.3,8.5,5.76,4.36
129,241710,코스메카코리아,기타 화학제품 제조업,"화장품 OEM, ODM",5,1388,13000.0,13517.47,22339.42,3.98,71.84,4.66,3.85,7.53,9.1
130,035720,카카오,"자료처리, 호스팅, 포털 및 기타 인터넷 정보매개 서비스업",인터넷 서비스(인터넷 광고),6,285061,324500.0,335041.92,167649.6,3.25,-48.34,6.33,-5.81,1.04,2.91
131,007700,F&F,봉제의복 제조업,"스포츠웨어(골프웨어) 제조/도서출판(단행본,유아/아동전집류(아인슈타인시리즈),잡지)/이천고속도로휴게소/문구사무용품,수입의류 판매,소매",6,12659,82200.0,84630.42,74318.91,2.96,-9.59,20.6,25.13,31.64,28.66
132,008490,서흥,기타 화학제품 제조업,"의약품(하드캅셀,건강보조식품,소프트캅셀),건강보조식품,인삼제품 제조,판매",6,6375,55100.0,56638.31,46394.07,2.79,-15.8,13.54,11.14,9.47,8.73
133,130580,나이스디앤비,기타 사업지원 서비스업,기업신용조사 보고서,6,1863,12100.0,12421.15,11607.92,2.65,-4.07,20.58,21.19,22.21,17.75
134,138080,오이솔루션,통신 및 방송 장비 제조업,광트랜시버,6,6438,60600.0,62006.76,35415.5,2.32,-41.56,20.46,44.43,3.83,-2.92
135,069080,웹젠,소프트웨어 개발 및 공급업,3D 온라인게임 '뮤(MU)',6,10134,28700.0,29328.67,33366.33,2.19,16.26,13.7,12.74,17.28,11.91
136,014680,한솔케미칼,기초 화학물질 제조업,"과산화수소,라텍스,요소수지,수소액화탄산,차아황산소다 제조,판매,디지털카메라용 인화필름 제조,수출",6,16660,147500.0,150091.53,133860.42,1.76,-9.25,21.86,20.88,20.12,17.99
137,218410,RFHIC,통신 및 방송 장비 제조업,GaN 트랜지스터,6,8967,37600.0,38220.37,29203.16,1.65,-22.33,10.29,11.22,17.22,5.41
138,161390,한국타이어앤테크놀로지,고무제품 제조업,타이어 제조,6,31774,25650.0,25909.15,51412.45,1.01,100.44,4.61,6.03,7.96,9.73
139,003220,대원제약,의약품 제조업,"의약품(해열소염진통제,진해거담제,동맥경화용제,혈압강하제 등), 건강기능식품(프로바이오틱스 등)",6,5466,27000.0,27060.63,22745.92,0.22,-15.76,13.28,14.05,13.51,6.52
140,017670,SK텔레콤,전기 통신업,"이동전화,무선호출서비스,부가통신",6,167951,208000.0,208322.08,281034.16,0.15,35.11,6.11,3.92,15.52,15.38
141,010120,엘에스일렉트릭,"전동기, 발전기 및 전기 변환 · 공급 · 제어 장치 제조업","고압기기,저압기기,변압기,배전반,PLC,인버터,빌딩설비,공조기,건축배관,자동화기기 제조,동가공",6,18090,60300.0,60118.94,61993.78,-0.3,2.81,8.06,7.82,10.78,9.51
142,035900,JYP Ent.,오디오물 출판 및 원판 녹음업,오디오물 출판 및 원판 녹음 관련 제품,6,10755,30300.0,29955.47,25173.79,-1.14,-16.92,18.19,21.91,22.52,21.38
143,009240,한샘,생활용품 도매업,"주방가구(씽크대),인테리어가구 판매,제조/주택신축판매",6,24475,104000.0,102486.89,184486.27,-1.45,77.39,10.84,7.32,16.63,18.29
144,002790,아모레퍼시픽그룹,기타 화학제품 제조업,지주회사,6,44033,53400.0,52541.77,114793.13,-1.61,114.97,2.54,4.12,4.65,6.95
145,096240,청담러닝,일반 교습 학원,청담어학원,5,1497,19500.0,19052.83,18042.67,-2.29,-7.47,16.06,12.06,11.47,6.57
146,000270,기아자동차,자동차용 엔진 및 자동차 제조업,"승용차,중대형버스,트럭,민수특수차량,군수차량 제조,판매,정비",6,149579,36900.0,35810.25,44370.34,-2.95,20.24,4.93,6.5,4.27,3.62
147,012330,현대모비스,자동차 신품 부품 제조업,"자동차A/S용 부품,컨테이너,특수중기,산업기계제품 생산,판매,부품모듈화,부품수출사업,환경/플랜트사업,특수중기부문(컨테이너)",6,193436,203500.0,196173.46,275193.45,-3.6,35.23,5.27,7.28,6.3,5.43
148,068270,셀트리온,기초 의약물질 및 생물학적 제제 제조업,"램시마, 트룩시마, 허쥬마",6,430457,319000.0,306071.95,237953.63,-4.05,-25.41,16.67,11.19,10.84,17.53
149,102710,이엔에프테크놀로지,기타 화학제품 제조업,LCD/반도체용 케미칼,6,6424,45150.0,43132.88,38782.58,-4.47,-14.1,20.38,18.9,14.05,15.9
150,053610,프로텍,특수 목적용 기계 제조업,"Dispenser, Tray Feeder, 공압실린더",6,2382,21650.0,20239.05,19791.9,-6.52,-8.58,15.68,19.94,16.67,19.78
151,040420,정상제이엘에스,일반 교습 학원,어학교육업,6,922,5880.0,5489.34,7068.0,-6.64,20.2,6.93,12.2,5.65,13.05
152,000240,한국테크놀로지그룹,기타 금융업,"고무타이어,고무튜브,후랩,알루미늄휠의 제조,판매,임대수익,물품운반용기,포장용기(프라스틱)",6,10511,11300.0,10354.17,18878.08,-8.37,67.06,3.5,4.71,6.75,8.05
153,256630,포인트엔지니어링,기타 금속 가공제품 제조업,디스플레이 및 반도체 장비 부품,6,2087,3695.0,3378.37,0.0,-8.57,-100.0,14.61,1.96,25.04,20.62
154,078340,컴투스,소프트웨어 개발 및 공급업,모바일게임,6,16147,125500.0,114017.31,165237.75,-9.15,31.66,13.15,12.68,16.15,20.4
155,260930,씨티케이코스메틱스,기타 화학제품 제조업,완제 화장품 (색조 및 기초),5,1316,13000.0,11762.95,15458.85,-9.52,18.91,5.11,4.54,4.69,14.74
156,003410,쌍용양회공업,"시멘트, 석회, 플라스터 및 그 제품 제조업",시멘트(크링카),6,24664,4895.0,4412.53,4250.96,-9.86,-13.16,8.33,7.01,7.51,16.55
157,003090,대웅,기타 금융업,"지주회사/의약품,화공약품,농예약품,위생용품,의료용구,식품,전기전자기구,부품 제조,판매",6,15088,25950.0,23264.93,0.0,-10.35,-100.0,9.86,10.43,5.36,12.86
158,155650,와이엠씨,전자부품 제조업,"FPD 패널용 Target, Backing Plate 등",5,2177,10900.0,9724.18,10897.55,-10.79,-0.02,19.13,-1.95,19.93,26.66
159,230360,에코마케팅,광고업,"온라인, 모바일 광고 종합대행업",6,7403,45700.0,40384.68,24468.28,-11.63,-46.46,35.79,32.65,19.46,10.94
160,215000,골프존,소프트웨어 개발 및 공급업,골프시뮬레이터,6,4594,73200.0,64552.57,86456.32,-11.81,18.11,14.32,8.21,10.63,51.19
161,034120,SBS,텔레비전 방송업,"TV,라디오방송,광고",6,2920,16000.0,13964.37,24947.0,-12.72,55.92,1.48,3.45,0.87,2.74
162,061040,알에프텍,통신 및 방송 장비 제조업,"핸드폰 충전기, 핸즈프리",6,2510,9910.0,8564.83,0.0,-13.57,-100.0,11.26,-1.42,5.51,3.19
163,253450,스튜디오드래곤,"영화, 비디오물, 방송프로그램 제작 및 배급업","드라마 제작, 판매",6,23910,85100.0,72431.33,61090.25,-14.89,-28.21,9.9,6.37,9.31,9.45
164,000660,SK하이닉스,반도체 제조업,"반도체,컴퓨터,통신기기 제조,도매",6,609338,83700.0,70978.08,90363.78,-15.2,7.96,8.6,4.25,38.53,36.8
165,119860,다나와,소프트웨어 개발 및 공급업,"인터넷쇼핑몰 가격비교서비스, 온라인광고",6,3857,29500.0,25004.97,21242.13,-15.24,-27.99,21.84,23.63,19.68,19.03
166,035420,NAVER,"자료처리, 호스팅, 포털 및 기타 인터넷 정보매개 서비스업",포털 서비스 및 온라인 광고,6,461580,281000.0,237836.36,249089.09,-15.36,-11.36,15.12,10.56,12.97,18.5
167,251370,와이엠티,기초 화학물질 제조업,"PCB, 반도체 및 디스플레이 제조용 화학소재 등",5,2755,37200.0,31352.35,29702.96,-15.72,-20.15,16.28,18.6,12.01,14.2
168,119850,지엔씨에너지,"전동기, 발전기 및 전기 변환 · 공급 · 제어 장치 제조업","비상발전기, 소형열병합발전설비, 바이오가스발전설비",6,991,6080.0,5043.84,5753.58,-17.04,-5.37,8.56,8.65,9.68,9.12
169,005930,삼성전자,통신 및 방송 장비 제조업,"IMT2000 서비스용 동기식 기지국,교환국장비,데이터단말기,동영상휴대폰,핵심칩,반도체제품,사무,계산 및 회계용기계",6,3235622,54200.0,44928.84,55583.32,-17.11,2.55,9.56,8.69,19.63,21.01
170,090430,아모레퍼시픽,기타 화학제품 제조업,"화장품,생활용품 제조, 판매",6,95580,163500.0,135152.22,319428.67,-17.34,95.37,4.11,5.36,7.75,9.81
171,000640,동아쏘시오홀딩스,기타 금융업,"의약품(피로회복제/박카스,병원용의약품),비의약품(의료기기,염모제,가글제) 제조,도소매/화장품 생산",6,6322,103000.0,85102.31,0.0,-17.38,-100.0,4.2,2.67,-19.91,3.64
172,041830,인바디,의료용 기기 제조업,정밀 체성분 분석기,6,2244,16400.0,13394.64,46983.63,-18.33,186.49,4.85,15.47,17.04,19.44
173,207760,미스터블루,기타 정보 서비스업,"온라인 만화 콘텐츠 서비스 및 제공, 만화 출판",6,3150,12850.0,10488.32,8510.33,-18.38,-33.77,28.49,32.13,9.04,10.09
174,241560,두산밥캣,특수 목적용 기계 제조업,"Compact Equipment, Heavy Equipment, Portable Power",6,27569,27500.0,22100.78,30909.75,-19.63,12.4,4.49,7.05,7.38,8.08
175,039570,HDC아이콘트롤스,전기 및 통신 공사업,"기계설비공사, 스마트홈, 지능형 빌딩, SOC",6,1292,7850.0,6268.27,12438.38,-20.15,58.45,6.2,-3.13,11.99,12.75
176,241790,오션브릿지,특수 목적용 기계 제조업,"반도체 케미칼(HCDS, Ticl4 외), 반도체 장비",6,1715,17150.0,13528.95,0.0,-21.11,-100.0,26.48,17.69,29.43,25.01
177,030190,NICE평가정보,기타 정보 서비스업,"개인 및 기업정보,솔루션",6,11688,19250.0,15122.99,15522.46,-21.44,-19.36,18.49,19.3,20.71,18.77
178,251270,넷마블,소프트웨어 개발 및 공급업,온라인·모바일 게임 소프트웨어 개발 및 공급,6,106822,124500.0,96190.6,96403.02,-22.74,-22.57,5.61,3.53,4.36,11.17
179,020150,일진머티리얼즈,전자부품 제조업,"인쇄회로기판(PCB)용 전해동박(ACF,UCF),에폭시용 동박,전해콘덴서용 알루미늄박 제조,판매",6,22917,49700.0,38086.47,41856.7,-23.37,-15.78,9.63,8.52,7.8,10.33
180,144960,뉴파워프라즈마,특수 목적용 기계 제조업,플라즈마 세정기(Remote Plasma Cleaning Generator),6,2316,5600.0,4196.69,0.0,-25.06,-100.0,9.42,4.15,10.65,16.91
181,086450,동국제약,의약품 제조업,"인사돌,복합마데카솔,파미레이",6,13960,157000.0,116649.98,109844.82,-25.7,-30.04,17.57,16.66,16.27,15.8
182,098460,고영,특수 목적용 기계 제조업,전자제품및반도체생산용 3차원 납도포검사장비,6,13086,95300.0,69647.65,95113.32,-26.92,-0.2,10.9,12.59,21.86,16.76
183,006650,대한유화,기초 화학물질 제조업,"폴리프로필렌,고밀도폴리에틸렌,나프타분해유분,올레핀류,혼합C4류,분해가솔린 제조",6,7963,122500.0,88880.62,241266.13,-27.44,96.95,4.72,6.11,16.22,15.53
184,189300,인텔리안테크,통신 및 방송 장비 제조업,"해상용 위성통신 안테나, 해상용 위성방송 수신안테나",6,1879,24850.0,17893.28,20190.33,-27.99,-18.75,7.81,10.05,13.32,5.35
185,093320,케이아이엔엑스,"자료처리, 호스팅, 포털 및 기타 인터넷 정보매개 서비스업",인터넷연동서비스 등,6,3035,62200.0,43657.2,36436.85,-29.81,-41.42,18.01,20.1,19.55,11.75
186,121600,나노신소재,기타 화학제품 제조업,"인듐계 산화물 TCO Target, 반도체 CMP Slurry 등",6,3151,29050.0,20068.64,22402.27,-30.92,-22.88,7.31,6.35,8.93,8.51
187,051910,LG화학,기초 화학물질 제조업,"유화/기능/합성수지,재생섬유소,산업재,리튬이온전지,평광판,PVC 제조,도매",6,364256,516000.0,350799.64,399519.47,-32.02,-22.57,4.77,1.84,8.86,12.92
188,017890,한국알콜,기타 화학제품 제조업,주정,6,3500,16200.0,10911.52,10608.75,-32.64,-34.51,9.92,10.23,10.48,8.18
189,027410,BGF,기타 금융업,지주회사,6,3982,4160.0,2681.53,18183.67,-35.54,337.11,1.26,1.79,4.37,428.57
190,145020,휴젤,기초 의약물질 및 생물학적 제제 제조업,"보툴리눔톡신, 필러",6,7136,165200.0,106005.67,185952.24,-35.83,12.56,6.17,6.25,9.8,15.36
191,065680,우주일렉트로,전자부품 제조업,정보통신용 초정밀커넥터,6,2921,29400.0,18617.71,0.0,-36.67,-100.0,2.64,6.37,0.37,6.01
192,032620,유비케어,소프트웨어 개발 및 공급업,"의사랑,유팜,미소몰",6,6003,11500.0,7273.28,0.0,-36.75,-100.0,9.41,6.66,7.78,7.65
193,000250,삼천당제약,의약품 제조업,"세프메타졸, 파클캅셀, 네틸마이신",6,10093,45250.0,28190.61,28473.13,-37.7,-37.08,7.0,6.82,6.04,9.39
194,122990,와이솔,전자부품 제조업,"SAW Filter, Wafer Chip, Duplexer",6,4437,15750.0,9772.23,20940.39,-37.95,32.95,6.99,10.19,18.89,23.62
195,086390,유니테스트,특수 목적용 기계 제조업,"반도체메모리주검사장비생산(메모리컴포넌트테스터,메모리모듈테스트)",6,3012,14250.0,8842.68,18707.93,-37.95,31.28,7.95,17.03,44.95,29.34
196,216050,인크로스,광고업,미디어렙서비스,5,3058,37950.0,23449.03,24783.16,-38.21,-34.7,15.35,14.48,13.82,15.26
197,012510,더존비즈온,"컴퓨터 프로그래밍, 시스템 통합 및 관리업",응용 소프트웨어 개발 및 공급업,6,31305,105500.0,64394.5,81020.13,-38.96,-23.2,14.51,18.78,23.36,23.49
198,000320,노루홀딩스,기타 금융업,지주사업,6,1236,9300.0,5650.95,15329.16,-39.24,64.83,1.37,1.25,-2.19,11.67
199,093370,후성,기초 화학물질 제조업,"불소화물 제조,도매",5,7307,7890.0,4779.36,10284.84,-39.43,30.35,4.6,3.85,16.04,18.23
200,263720,디앤씨미디어,"서적, 잡지 및 기타 인쇄물 출판업",웹소설 콘텐츠,6,4149,33800.0,19876.32,14875.2,-41.19,-55.99,22.61,12.44,14.36,23.42
201,006280,녹십자,의약품 제조업,"알부민외 제조,판매",6,26412,226000.0,129828.36,185824.91,-42.55,-17.78,4.12,-0.35,3.28,5.24
202,033560,블루콤,영상 및 음향기기 제조업,"마이크로스피커, 블루투스헤드셋, Linear 진동모터",6,1414,7820.0,4442.4,0.0,-43.19,-100.0,1.56,1.09,1.16,1.86
203,267790,배럴,봉제의복 제조업,래쉬가드 및 워터스포츠 등,6,694,8800.0,4962.38,5864.32,-43.61,-33.36,10.95,16.33,17.2,37.74
204,110790,크리스에프앤씨,봉제의복 제조업,골프웨어,5,2624,22400.0,11489.15,12470.03,-48.71,-44.33,14.11,11.77,20.69,32.15
205,290720,푸드나무,무점포 소매업,,6,1793,26350.0,13338.23,11716.55,-49.38,-55.53,15.09,9.03,22.09,73.32
206,011170,롯데케미칼,기초 화학물질 제조업,"폴리프로필렌,고밀도폴리에틸렌,에틸렌글리콜,벤젠,에틸렌옥사이드,합성지,부산물 제조",6,59296,173000.0,85233.7,345573.22,-50.73,99.75,2.32,5.51,13.04,21.52
207,900340,윙입푸드,기타 금융업,육가공 제품,6,712,1485.0,708.48,0.0,-52.29,-100.0,11.78,11.11,31.07,44.77
208,095720,웅진씽크빅,초등 교육기관,"기타출판 제조/서적,교구,통신판매 도소매/부동산 임대/교구렌탈,컴퓨터운용관련서비스",5,2947,2510.0,1192.5,3049.5,-52.49,21.49,2.4,-35.62,7.2,8.61
209,089980,상아프론테크,플라스틱제품 제조업,"LCD 부품, 사무기기 부품, PCB 부품, 2차전지 부품",6,5952,37850.0,17895.33,19189.83,-52.72,-49.3,7.23,9.47,10.55,7.18
210,009580,무림P&P,"펄프, 종이 및 판지 제조업","표백화학펄프(B.K.P) 제조,목재가공,조림사업",6,1846,2960.0,1372.53,4671.84,-53.63,57.83,0.82,1.64,11.83,6.65
211,084370,유진테크,특수 목적용 기계 제조업,실리콘질화막증착용LP-CVD,6,6989,30500.0,14004.1,19642.69,-54.08,-35.6,4.15,2.45,8.27,12.52
212,290510,코리아센터,소프트웨어 개발 및 공급업,이커머스토탈솔루션,5,3725,15500.0,7055.25,5565.7,-54.48,-64.09,5.27,3.75,5.19,11.22
213,025900,동화기업,나무제품 제조업,"PB, MDF, 표면재,온돌마루, 창호, 도어 등",6,9554,47300.0,19631.56,28399.02,-58.5,-39.96,3.7,5.3,7.02,7.26
214,194700,노바렉스,기타 식품 제조업,건강기능식품 제조,6,3538,39300.0,16301.6,14519.53,-58.52,-63.05,19.9,17.23,14.51,16.8
215,003670,포스코케미칼,"내화, 비내화 요업제품 제조업","내화물, 생석회, 음극재 및 양극재",6,43485,71300.0,29502.17,52156.54,-58.62,-26.85,5.32,11.57,18.96,17.16
216,278650,노터스,자연과학 및 공학 연구개발업,비임상실험 유효성(약리)평가,5,1966,25850.0,10228.84,0.0,-60.43,-100.0,18.63,13.42,19.36,35.37
217,228670,레이,의료용 기기 제조업,"디지털 치료솔루션(CT scan 장비, 3D 프린터), 디지털 진단시스템(X-ray, CT 등)",5,3150,47350.0,18693.13,17563.5,-60.52,-62.91,28.34,27.58,25.64,8.21
218,307950,현대오토에버,소프트웨어 개발 및 공급업,"전산실운영, 시스템구축, 전산장비 납품, SOC/건축 사업",6,8243,39250.0,15276.96,15563.85,-61.08,-60.35,11.06,11.71,12.59,13.72
219,148150,세경하이테크,전자부품 제조업,DECO Film 및 기타 TAPE 제조,6,3260,28000.0,10168.0,11432.99,-63.69,-59.17,14.67,18.64,46.18,-5.35
220,318010,팜스빌,기타 식품 제조업,다이어트 제품 및 건강기능 관련 제품,6,1094,13800.0,4799.67,4583.92,-65.22,-66.78,18.42,17.63,21.05,0.0
221,138250,엔에스쇼핑,무점포 소매업,TV홈쇼핑,6,4178,12400.0,4127.05,15533.81,-66.72,25.27,2.33,-1.76,8.06,13.88
222,282880,코윈테크,특수 목적용 기계 제조업,"공정 자동화 설비 (2차전지, 석유화학, 반도체 및 디스플레이)",5,2100,22700.0,7483.12,8506.25,-67.03,-62.53,15.72,27.52,64.78,25.64
223,089970,에이피티씨,특수 목적용 기계 제조업,300mm Poly Etch System,6,3543,15250.0,4930.02,0.0,-67.67,-100.0,28.57,25.08,45.18,60.77
224,122870,와이지엔터테인먼트,오디오물 출판 및 원판 녹음업,"음악 및 기타 오디오물 출판, 신인 아티스트 육성 및 매니지먼트",6,7002,38300.0,12368.88,40991.34,-67.71,7.03,1.42,-6.18,5.07,5.71
225,036010,아비코전자,전자부품 제조업,"전자저항기, 전자인덕터",6,705,5300.0,1679.85,7018.82,-68.3,32.43,1.76,-4.76,26.39,8.93
226,278280,천보,기초 화학물질 제조업,"디스플레이 소재, 반도체 공정 소재, 2차전지 소재, 의약품 소재, 정밀화학 소재",6,9220,92200.0,28327.49,26909.06,-69.28,-70.81,13.24,14.49,24.53,21.35
227,003000,부광약품,의약품 제조업,"의약품,치약,의약부외품(부광탁스,레가론,부광안티프라그) 제조",6,25903,39950.0,10569.86,25474.92,-73.54,-36.23,2.07,-2.0,46.64,5.21
228,290650,엘앤씨바이오,의약품 제조업,"인체조직(피부, 뼈, 연골)",5,8255,113200.0,29007.41,27952.98,-74.38,-75.31,14.47,13.1,15.03,27.97
229,086900,메디톡스,기초 의약물질 및 생물학적 제제 제조업,"의약품원료(A형,B형 보툴리늄독소 단백질치료제) 제조,연구,개발",6,10275,171900.0,40534.74,563694.64,-76.42,227.92,0.64,10.24,31.5,41.32
230,114090,GKL,유원지 및 기타 오락관련 서비스업,카지노,6,7979,12900.0,2926.46,23155.48,-77.31,79.5,0.6,12.62,14.21,15.33
231,019680,대교,초등 교육기관,"학습지,참고서 출판/건설업/종합유선방송 프로그램공급,디지털학원",6,3507,4140.0,884.46,6678.23,-78.64,61.31,0.16,2.76,2.94,6.3
232,290520,신도기연,특수 목적용 기계 제조업,"OLED용 후공정장비(라미네이터, 오토클레이브 등)",5,1657,20550.0,3426.62,0.0,-83.33,-100.0,39.84,37.44,12.83,94.76
233,304100,솔트룩스,소프트웨어 개발 및 공급업,인공지능 및 빅데이터 소프트웨어,6,1464,29100.0,4848.03,4847.23,-83.34,-83.34,1.85,2.63,0.58,0.0
234,000020,동화약품,의약품 제조업,"의약품 제조,판매,수출입",6,6438,23050.0,0.0,0.0,-100.0,-100.0,0.0,3.14,3.39,17.1
235,000050,경방,종합 소매업,"섬유류(면사,면혼방사,면직물,면혼방직물,화섬사,화섬직물) 제조,도매,수출입",6,3139,11450.0,0.0,0.0,-100.0,-100.0,0.0,6.01,2.87,3.67
236,000070,삼양홀딩스,기타 금융업,"지주회사,경영자문컨설팅",6,5978,69800.0,0.0,0.0,-100.0,-100.0,0.0,2.18,5.02,2.76
237,000390,삼화페인트공업,기타 화학제품 제조업,"건축용페인트,공업용페인트,분체도료 등 제조",6,1296,4900.0,0.0,0.0,-100.0,-100.0,0.0,1.34,0.26,0.66
238,000440,중앙에너비스,기타 전문 도매업,석유류도소매,6,527,8460.0,0.0,0.0,-100.0,-100.0,0.0,1.36,1.97,3.5
239,000500,가온전선,절연선 및 케이블 제조업,"전력선,통신케이블 제조,도매,수출입",6,705,16950.0,0.0,0.0,-100.0,-100.0,0.0,2.12,0.04,0.54
240,000590,CS홀딩스,기타 금융업,"브랜드 수익, 자회사 배당",6,746,64600.0,0.0,0.0,-100.0,-100.0,0.0,4.35,2.89,2.74
241,000850,화천기공,특수 목적용 기계 제조업,"CNC선반,CNC밀링,연마기(금속공작기계),MC공작기계,COPY밀링기계,주방품 제조,도매",6,675,30700.0,0.0,0.0,-100.0,-100.0,0.0,2.55,4.48,3.18
242,001130,대한제분,"곡물가공품, 전분 및 전분제품 제조업","소맥분,토코밀,프리믹스,밀가루조제품,제분부산물 제조/파스타 수입,판매",6,2594,153500.0,0.0,0.0,-100.0,-100.0,0.0,2.25,7.05,7.44
243,001460,BYC,봉제의복 제조업,"메리야스,란제리 제조,도매/건축공사/부동산 임대,분양,공급",6,1284,205500.0,0.0,0.0,-100.0,-100.0,0.0,6.6,2.26,1.56
244,001540,안국약품,의약품 제조업,"그랑파제, 토비콤-S",6,1995,15300.0,0.0,0.0,-100.0,-100.0,0.0,1.72,9.32,6.09
245,001560,제일연마,기타 비금속 광물제품 제조업,"연마석,다이아몬드공구 제조,도소매/주택건설",6,642,6420.0,0.0,0.0,-100.0,-100.0,0.0,7.84,6.87,5.6
246,001770,신화실업,1차 철강 제조업,"석도강판,표면처리강판 제조,임가공,판매",6,251,20650.0,0.0,0.0,-100.0,-100.0,0.0,2.82,6.73,5.81
247,001810,무림SP,"펄프, 종이 및 판지 제조업","아트지,CCP지",6,425,1920.0,0.0,0.0,-100.0,-100.0,0.0,0.66,5.63,5.55
248,001840,이화공영,건물 건설업,도급공사,6,921,4650.0,0.0,0.0,-100.0,-100.0,0.0,0.63,1.11,3.87
249,002030,아세아,회사 본부 및 경영 컨설팅 서비스업,"회사본부,지주회사 및 경영컨설팅 서비스업",6,1610,73500.0,0.0,0.0,-100.0,-100.0,0.0,6.37,7.07,6.58
250,002100,경농,"비료, 농약 및 살균, 살충제 제조업","완제농약(잡초약,살충제,살균제) 제조",6,2939,13550.0,0.0,0.0,-100.0,-100.0,0.0,2.47,3.08,5.83
251,002140,고려산업,"곡물가공품, 전분 및 전분제품 제조업","배합사료,플라스틱용기 제조/부동산 임대",5,915,3670.0,0.0,0.0,-100.0,-100.0,0.0,4.75,4.34,5.93
252,002170,삼양통상,"가죽, 가방 및 유사제품 제조업","피혁원단,혁제운동화,혁제장갑,혁제스포츠용품 제조,상품중개,무역",6,1686,56200.0,0.0,0.0,-100.0,-100.0,0.0,14.22,8.96,9.56
253,002240,고려제강,1차 철강 제조업,"PC강선,선재 2차제품,와이어로프,비드와이어,SC(Surpass Coat) Stand,각종선재 제조,도매",6,3160,15800.0,0.0,0.0,-100.0,-100.0,0.0,0.73,0.25,1.72
254,002270,롯데푸드,낙농제품 및 식용빙과류 제조업,"빙과,유지,식품 제조",6,3707,327500.0,0.0,0.0,-100.0,-100.0,0.0,5.4,6.31,11.82
255,002290,삼일기업공사,건물 건설업,도급공사,6,347,2795.0,0.0,0.0,-100.0,-100.0,0.0,5.69,5.57,4.95
256,002460,화성산업,건물 건설업,아파트 건설,6,1295,10400.0,0.0,0.0,-100.0,-100.0,0.0,2.06,13.61,13.5
257,002600,조흥,기타 식품 제조업,"휘핑크림,인스턴트이스트,프루츠칵테일,크림치즈,견과류,건조과일 제조,판매/주택 신축,판매",6,924,154000.0,0.0,0.0,-100.0,-100.0,0.0,6.15,6.54,9.67
258,002800,신신제약,의약품 제조업,파스류 (신신파스 아렉스 등),5,2018,13300.0,0.0,0.0,-100.0,-100.0,0.0,3.85,5.43,8.33
259,002810,삼영무역,기타 전문 도매업,"화공약품, 안경렌즈",6,2373,12850.0,0.0,0.0,-100.0,-100.0,0.0,10.32,8.99,9.58
260,002840,미원상사,기타 화학제품 제조업,"계면활성제,분황,황산,도료첨가제,프라스틱첨가제 제조",6,3971,79900.0,0.0,0.0,-100.0,-100.0,0.0,14.74,11.37,14.93
261,002920,유성기업,자동차 신품 부품 제조업,"철도차량부품(피스턴링,실린더라이너,발브가이드,타펫트),자동차부품,주강,주물 제조,판매",6,634,2445.0,0.0,0.0,-100.0,-100.0,0.0,6.47,1.4,2.37
262,002960,한국쉘석유,석유 정제품 제조업,"윤활유,그리스 제조,도매",6,3042,234000.0,0.0,0.0,-100.0,-100.0,0.0,21.3,25.09,24.64
263,003030,세아제강지주,기타 금융업,경영컨설팅업,6,1590,38400.0,0.0,0.0,-100.0,-100.0,0.0,-0.32,29.05,2.04
264,003100,선광,기타 운송관련 서비스업,"항만하역, 해사(바다모래)",5,1069,16200.0,0.0,0.0,-100.0,-100.0,0.0,1.65,3.42,1.97
265,003200,일신방직,방적 및 가공사 제조업,"면사,P/C혼방사,P/C혼방직물,화섬사 제조,수출",6,1742,72600.0,0.0,0.0,-100.0,-100.0,0.0,1.0,3.06,2.34
266,003240,태광산업,화학섬유 제조업,"석유화학제품(PTA,AN),화섬사,직물 등",6,7705,692000.0,0.0,0.0,-100.0,-100.0,0.0,4.34,7.39,5.29
267,003300,한일홀딩스,"시멘트, 석회, 플라스터 및 그 제품 제조업",지주사업,6,2650,44200.0,0.0,0.0,-100.0,-100.0,0.0,1.38,40.39,3.79
268,003310,대주산업,동물용 사료 및 조제식품 제조업,배합사료,6,552,1560.0,0.0,0.0,-100.0,-100.0,0.0,3.51,3.31,5.47
269,003460,유화증권,금융 지원 서비스업,증권업,6,1222,2155.0,0.0,0.0,-100.0,-100.0,0.0,1.36,1.31,1.72
270,003650,미창석유공업,석유 정제품 제조업,"윤활유,고무배합유,전기절연유 제조,판매,수출입",6,1009,58000.0,0.0,0.0,-100.0,-100.0,0.0,6.98,4.31,5.07
271,003780,진양산업,플라스틱제품 제조업,"합성수지,폴리우레탄스폰지 제조,도매,수출입",6,476,3660.0,0.0,0.0,-100.0,-100.0,0.0,17.84,6.93,4.78
272,003800,에이스침대,가구 제조업,침대,6,4669,42100.0,0.0,0.0,-100.0,-100.0,0.0,9.82,7.36,6.94
273,003920,남양유업,낙농제품 및 식용빙과류 제조업,"시유,조제분유,발효유,이유밀,치즈,프렌치까페 제조,도매",6,1908,265000.0,0.0,0.0,-100.0,-100.0,0.0,3.25,0.23,0.56
274,004080,신흥,기계장비 및 관련 물품 도매업,"치과용기자재(방사선장치,전기진단장치),주사침 도소매,제조/부동산 임대",6,880,9170.0,0.0,0.0,-100.0,-100.0,0.0,2.33,3.52,3.71
275,004250,엔피씨,플라스틱제품 제조업,"산업용기프라스틱제품(플라스틱 파렛트,시트 파렛트) 제조,판매",6,1252,3410.0,0.0,0.0,-100.0,-100.0,0.0,5.29,4.63,4.74
276,004360,세방,도로 화물 운송업,"도로운송,항만하역,창고,지게차 임대",6,1979,10250.0,0.0,0.0,-100.0,-100.0,0.0,0.68,5.47,4.11
277,004380,삼익THK,일반 목적용 기계 제조업,"직선운동시스템,메카트로시스템,기타정밀 자동화기기 제조,판매/전자상거래,인터넷 관련 s/w,h/w 개발,판매,유지보수",6,2121,10100.0,0.0,0.0,-100.0,-100.0,0.0,1.74,9.8,16.56
278,004450,삼화왕관,기타 금속 가공제품 제조업,"납세용 일반병마개,알루미늄캡,플라스틱캡 제조,판매,금속인쇄,수출",6,929,43100.0,0.0,0.0,-100.0,-100.0,0.0,5.88,7.21,6.37
279,004490,세방전지,일차전지 및 축전지 제조업,"자동차용 및 산업용 축전지(연축전지) 제조,판매",6,4018,28700.0,0.0,0.0,-100.0,-100.0,0.0,7.7,10.32,7.76
280,004560,현대비앤지스틸,1차 철강 제조업,"스텐레스냉연강판,특수강 제조",6,1129,7490.0,0.0,0.0,-100.0,-100.0,0.0,5.55,5.2,5.55
281,004590,한국가구,생활용품 도매업,소파,6,674,4490.0,0.0,0.0,-100.0,-100.0,0.0,5.97,7.69,6.27
282,004700,조광피혁,"가죽, 가방 및 유사제품 제조업","가죽(피혁원단,제화용원단,카시트용원단),가방,신발 제조,도매",6,3491,52500.0,0.0,0.0,-100.0,-100.0,0.0,5.66,5.9,10.22
283,004720,우리들제약,의약품 제조업,의약품 외,6,995,7260.0,0.0,0.0,-100.0,-100.0,0.0,0.54,8.3,9.88
284,004770,써니전자,반도체 제조업,"수정진동자,수정발진기,초음파지연선,MCF,축수나사 제조,도매,수출입",6,1328,3810.0,0.0,0.0,-100.0,-100.0,0.0,1.28,9.42,2.81
285,004780,대륙제관,기타 금속 가공제품 제조업,휴대용부탄가스 및 금속포장용기,6,741,4660.0,0.0,0.0,-100.0,-100.0,0.0,5.1,3.56,9.95
286,004840,DRB동일,기타 금융업,"고무벨트(V벨트,콘베이어벨트,평벨트),프라스틱제품 제조,판매",6,1319,6620.0,0.0,0.0,-100.0,-100.0,0.0,2.54,1.83,5.36
287,005160,동국산업,1차 철강 제조업,"철강무역,강판제품제조",6,1964,3620.0,0.0,0.0,-100.0,-100.0,0.0,3.58,2.82,5.41
288,005190,동성화학,기초 화학물질 제조업,"화합물,화학제품(폴리우레탄수지,접착제,표면처리제,특수도료,폴리올) 제조",6,872,16350.0,0.0,0.0,-100.0,-100.0,0.0,11.92,5.62,5.14
289,005430,한국공항,기타 운송관련 서비스업,"항공기 지상조업,항공화물 상하역,장비대여,항공용역사업,항공기급유,항공화물 취급,보관,부정기헬기운송,여행알선,광업,먹는샘물 제조,농축산업",6,1058,33400.0,0.0,0.0,-100.0,-100.0,0.0,5.07,5.93,7.49
290,005500,삼진제약,의약품 제조업,"의약품(게보린,세트라졸,염산나록손) 제조,판매,수출입,약초재배",6,4177,30050.0,0.0,0.0,-100.0,-100.0,0.0,5.69,13.01,19.71
291,005680,삼영전자공업,전자부품 제조업,"전자부품(알루미늄 전해콘덴서),전기이중층콘덴서,센서 제조,도매",6,1514,7570.0,0.0,0.0,-100.0,-100.0,0.0,1.77,3.18,2.25
292,005710,대원산업,자동차 신품 부품 제조업,자동차시트,6,987,4925.0,0.0,0.0,-100.0,-100.0,0.0,13.32,10.66,14.33
293,005720,넥센,고무제품 제조업,"자동차용 재생타이어튜브,솔리드타이어,고무부품,골프볼,와이어로프소재,특수강선,열처리도금선,건자재 제조,판매,수출입",6,2120,3960.0,0.0,0.0,-100.0,-100.0,0.0,5.96,6.63,9.42
294,005750,대림비앤코,"내화, 비내화 요업제품 제조업","위생도기,내장타일,조립식욕실제품 제조,판매/부동산 임대",6,872,5230.0,0.0,0.0,-100.0,-100.0,0.0,1.37,2.62,4.48
295,005800,신영와코루,봉제의복 제조업,"여성용 내의류(화운데이션,란제리,블래지어),환자,노령자용 파자마,남성용 내의류 제조",6,833,92500.0,0.0,0.0,-100.0,-100.0,0.0,1.23,0.88,3.02
296,005810,풍산홀딩스,기타 금융업,"동판제,대,관,봉,선,소전,동파이프 제조,도매,무역",6,2053,26200.0,0.0,0.0,-100.0,-100.0,0.0,3.39,5.09,10.27
297,005820,원림,직물직조 및 직물제품 제조업,"고무,플라스틱제품,산업용포장재,PP.BAG,타포린 제조,도매/부동산 임대/주택 신축,판매/인터넷 정보통신/벤처회사 투자",6,374,17000.0,0.0,0.0,-100.0,-100.0,0.0,3.33,-1.01,4.23
298,005870,휴니드테크놀러지스,통신 및 방송 장비 제조업,"무선통신기기,군납용무전기,위성방송수신기 제조",5,981,6950.0,0.0,0.0,-100.0,-100.0,0.0,7.1,24.28,17.42
299,005990,매일홀딩스,낙농제품 및 식용빙과류 제조업,유제품,6,1159,8450.0,0.0,0.0,-100.0,-100.0,0.0,8.01,9.68,0.18
300,006140,피제이전자,의료용 기기 제조업,EMS Business(의료용기기제조외),6,694,4625.0,0.0,0.0,-100.0,-100.0,0.0,4.61,6.9,5.98
301,006890,태경케미컬,기초 화학물질 제조업,"드라이아이스,액체탄산,고체탄산 제조",6,745,6420.0,0.0,0.0,-100.0,-100.0,0.0,8.67,2.83,1.7
302,007340,디티알오토모티브,일차전지 및 축전지 제조업,자동차용 밧데리,6,2364,23650.0,0.0,0.0,-100.0,-100.0,0.0,11.5,10.76,7.77
303,007570,일양약품,의약품 제조업,"일반의약품(원비디,영비천,아진탈,디세텔,노루모산),항암제(베타-이뮤난),전문의약품 제조,판매,수출입",6,18246,95600.0,0.0,0.0,-100.0,-100.0,0.0,5.2,-2.58,3.28
304,007590,동방아그로,"비료, 농약 및 살균, 살충제 제조업","농약(잡초발생전 토양처리형 밭잡초약,부메랑,주움,그라목손) 제조,도매",6,857,6290.0,0.0,0.0,-100.0,-100.0,0.0,4.79,4.69,4.63
305,007680,대원,건물 건설업,아파트 시행 및 시공,6,991,8550.0,0.0,0.0,-100.0,-100.0,0.0,3.38,11.72,9.93
306,007690,국도화학,기초 화학물질 제조업,"에폭시수지,폴리아마이드수지,아염소산소다 제조,도소매",6,2228,38350.0,0.0,0.0,-100.0,-100.0,0.0,6.89,9.5,9.18
307,007770,한일화학,기초 화학물질 제조업,산화아연,6,347,9890.0,0.0,0.0,-100.0,-100.0,0.0,1.8,3.11,3.74
308,008060,대덕,전자부품 제조업,"산업용 인쇄회로기판,다층 인쇄회로기판,빌드업기판,반도체패키지기판,메모리모듈기판 제조",6,1887,6600.0,0.0,0.0,-100.0,-100.0,0.0,6.38,35.2,7.22
309,008370,원풍,플라스틱제품 제조업,플라스틱 필름,6,469,3910.0,0.0,0.0,-100.0,-100.0,0.0,2.69,2.73,3.02
310,008420,문배철강,1차 철강 제조업,"철강재중 판재류(후판,박판,무늬강판) 제조,도매",6,556,2710.0,0.0,0.0,-100.0,-100.0,0.0,2.14,4.7,10.48
311,008470,부스타,"구조용 금속제품, 탱크 및 증기발생기 제조업","관류보일러,진공온수보일러,무압온수보일러,난방기 제조,판매",6,383,4560.0,0.0,0.0,-100.0,-100.0,0.0,4.83,4.26,6.86
312,008730,율촌화학,플라스틱제품 제조업,"연포장재,필름,골판지상자,합성수지,플라스틱일반성형제품 제조",6,3794,15300.0,0.0,0.0,-100.0,-100.0,0.0,5.37,4.38,8.31
313,008930,한미사이언스,기타 금융업,"항생제(세포탁심,세포트리악손),유산균정장제(메디락비타,메디락베베),위장관운동조절개선제(설프라이드),고혈압치료제(유니바스크),원료의약품,식품 제조,판매",6,23203,35150.0,0.0,0.0,-100.0,-100.0,0.0,4.73,2.73,4.59
314,009070,케이씨티시,도로 화물 운송업,"화물자동차운송,항만하역,창고보관,컨테이너조작,중량물해상운송",6,690,2300.0,0.0,0.0,-100.0,-100.0,0.0,3.75,3.88,4.96
315,009160,SIMPAC,특수 목적용 기계 제조업,"프레스,자동화장치,자동차부품 제조,도매",6,1560,2385.0,0.0,0.0,-100.0,-100.0,0.0,2.17,20.48,5.36
316,009290,광동제약,의약품 제조업,"의약품,식음료 제조,도매",6,5268,10050.0,0.0,0.0,-100.0,-100.0,0.0,5.57,5.61,6.07
317,009300,삼아제약,의약품 제조업,"노마에프, 아토크건조시럽, 코데날정, 코코시럽, 스마엘",6,1242,19500.0,0.0,0.0,-100.0,-100.0,0.0,6.2,5.55,3.8
318,009520,포스코엠텍,1차 철강 제조업,철강포장용역 및 Al탈산제 생산,5,1991,4780.0,0.0,0.0,-100.0,-100.0,0.0,11.87,16.5,12.39
319,009680,모토닉,자동차 신품 부품 제조업,"자동차용 기화기(캬브레타,다이캐스트,연료펌프) 제조,판매",6,2393,7250.0,0.0,0.0,-100.0,-100.0,0.0,2.8,2.17,3.22
320,009970,영원무역홀딩스,기타 금융업,"스포츠의류(등산복,운동복,스키복) 도소매,수출,섬유봉제",6,4568,33500.0,0.0,0.0,-100.0,-100.0,0.0,9.6,8.49,8.2
321,010040,한국내화,"내화, 비내화 요업제품 제조업","내화벽돌,내화몰탈,축로등 제조,판매",6,835,3650.0,0.0,0.0,-100.0,-100.0,0.0,3.18,5.66,10.07
322,010240,흥국,특수 목적용 기계 제조업,굴삭기 Roller 및 형단조품,6,541,4390.0,0.0,0.0,-100.0,-100.0,0.0,10.84,14.23,13.25
323,010400,우진아이엔에스,건물설비 설치 공사업,반도체/디스플레이 코팅덕트,6,526,6900.0,0.0,0.0,-100.0,-100.0,0.0,1.97,15.52,24.62
324,010960,삼호개발,기반조성 및 시설물 축조관련 전문공사업,"토공사,철근콘크리트공사,포장공사,미장방수공사,상하수도공사,수중공사,비계구조물해체공사/골재,아스콘 제조,판매,중기임대",6,1061,4245.0,0.0,0.0,-100.0,-100.0,0.0,11.65,12.09,13.77
325,011040,경동제약,의약품 제조업,"로사졸정, 시사프렌정, 디로핀정, 타론정.주",6,4593,17300.0,0.0,0.0,-100.0,-100.0,0.0,9.18,2.42,9.5
326,011150,CJ씨푸드,기타 식품 제조업,"수산물(어묵,맛살)가공품 도매,원양수산업,수출입",6,1286,3580.0,0.0,0.0,-100.0,-100.0,0.0,2.9,3.54,7.96
327,011370,서한,건물 건설업,"건축, 토목",5,1024,1015.0,0.0,0.0,-100.0,-100.0,0.0,3.28,14.41,31.06
328,011390,부산산업,"시멘트, 석회, 플라스터 및 그 제품 제조업","레미콘 제조,판매",6,1357,128500.0,0.0,0.0,-100.0,-100.0,0.0,7.2,5.92,6.43
329,011500,한농화성,기타 화학제품 제조업,"계면활성제,글리콜에테르 제조,판매",6,758,4850.0,0.0,0.0,-100.0,-100.0,0.0,8.58,5.32,8.29
330,011700,한신기계공업,일반 목적용 기계 제조업,"공기압축기,공구류 제조,판매/오파",6,422,1300.0,0.0,0.0,-100.0,-100.0,0.0,2.01,4.24,6.03
331,012200,계양전기,일반 목적용 기계 제조업,"전동공구(그라인더,드릴,커팅머신 등), 엔진, 자동차용 모터 제조",6,929,2850.0,0.0,0.0,-100.0,-100.0,0.0,0.07,5.16,4.84
332,012610,경인양행,기초 화학물질 제조업,"반응성염료,직접염료,산성염료,삼원색원료 제조,수출입",6,3469,8480.0,0.0,0.0,-100.0,-100.0,0.0,6.57,6.59,1.85
333,012620,원일특강,1차 철강 제조업,특수강,6,387,8790.0,0.0,0.0,-100.0,-100.0,0.0,8.77,6.34,7.22
334,012790,신일제약,의약품 제조업,투어펜플라스타,6,6334,58100.0,0.0,0.0,-100.0,-100.0,0.0,7.39,6.14,9.38
335,013000,세우글로벌,기타 전문 도매업,"화공약품.엔지니어링 플라스틱,페놀계제품,석유화학제품 판매/철재가구,사무목재가구 제조/교육사업",6,548,1910.0,0.0,0.0,-100.0,-100.0,0.0,0.23,1.63,1.39
336,013120,동원개발,건물 건설업,도급공사,6,3215,3540.0,0.0,0.0,-100.0,-100.0,0.0,11.49,18.79,18.31
337,013570,디와이,기타 금융업,"자동차부품,유공압기기,소각로,자동세차기,하훼유통,발효기,모터 제조",6,1051,3995.0,0.0,0.0,-100.0,-100.0,0.0,4.73,1.75,6.19
338,014440,영보화학,플라스틱제품 제조업,"가교발포폴리에틸렌(아티론,영보드) 제조,판매",6,781,3905.0,0.0,0.0,-100.0,-100.0,0.0,3.56,4.07,23.16
339,014530,극동유화,석유 정제품 제조업,"윤활유,유동파라핀,왁스,방수용시트,아스팔트 제조/수입자동차,부품 도매/가스충전,산업설비 청소",6,1070,3070.0,0.0,0.0,-100.0,-100.0,0.0,8.75,10.57,10.48
340,014570,고려제약,의약품 제조업,"하벤(종합감기약),뉴로메드(치매치료제)등 70여종",6,1375,12500.0,0.0,0.0,-100.0,-100.0,0.0,6.09,10.96,8.47
341,014580,태경비케이,"시멘트, 석회, 플라스터 및 그 제품 제조업","생석회,소석회,석회비료 제조,판매/비금속광물 광업/산업폐기물 재생처리/휴게소 운영",6,1065,3860.0,0.0,0.0,-100.0,-100.0,0.0,3.08,3.2,5.02
342,015230,대창단조,자동차 신품 부품 제조업,"자동차,중장비 부품(크랭크샤프트,트랙링크조립체,커넥팅로드,중장비롤러류),기어,동력전달장치,단조가공품,단조품 제조",6,760,26600.0,0.0,0.0,-100.0,-100.0,0.0,8.12,7.11,7.69
343,015350,부산도시가스,연료용 가스 제조 및 배관공급업,"도시가스 배관공급,가스기기 판매,설비공사",6,3993,36300.0,0.0,0.0,-100.0,-100.0,0.0,7.57,8.17,8.0
344,015710,코콤,통신 및 방송 장비 제조업,비디오도어폰,6,1047,5970.0,0.0,0.0,-100.0,-100.0,0.0,7.12,12.88,10.92
345,016090,대현,봉제의복 제조업,"여성의류 및 악세사리류 제조,도매,유통(백화점)",6,777,1755.0,0.0,0.0,-100.0,-100.0,0.0,8.65,8.34,7.44
346,016580,환인제약,의약품 제조업,"의약품(신경정신질환치료제,소화기관용약제,연고) 제조,도매",6,3069,16500.0,0.0,0.0,-100.0,-100.0,0.0,7.01,8.56,11.73
347,016710,대성홀딩스,회사 본부 및 경영 컨설팅 서비스업,"도시가스,일반가스 공급/가스기기,차량용 연료 판매/해외자원개발,부동산 임대",6,2204,13700.0,0.0,0.0,-100.0,-100.0,0.0,3.24,4.79,5.34
348,016740,두올,자동차 신품 부품 제조업,시트 커버 및 시트 원단,5,937,3460.0,0.0,0.0,-100.0,-100.0,0.0,7.28,9.1,9.89
349,016800,퍼시스,가구 제조업,"사무용 가구,의자,책상,캐비넷 제조",6,3278,28500.0,0.0,0.0,-100.0,-100.0,0.0,7.86,11.3,5.86
350,017510,세명전기,기타 금속 가공제품 제조업,"154kV, 345kV, 765kV 송전,변전,배전용 금구류, 섬유직기용 섹셔날 빔",6,602,3950.0,0.0,0.0,-100.0,-100.0,0.0,4.87,5.34,5.68
351,017550,수산중공업,특수 목적용 기계 제조업,"유압브레이커,트럭크레인,플라즈마 파암장비,특장차,산업기계,건설기계 제조,도매",6,945,1750.0,0.0,0.0,-100.0,-100.0,0.0,0.15,6.95,3.15
352,018120,진로발효,알코올음료 제조업,주정,6,1980,29900.0,0.0,0.0,-100.0,-100.0,0.0,15.81,14.75,18.23
353,018310,삼목에스폼,"구조용 금속제품, 탱크 및 증기발생기 제조업","유로폼,갱폼,알루미늄폼,특수폼,유리온실사업",6,1144,7780.0,0.0,0.0,-100.0,-100.0,0.0,4.07,12.12,11.49
354,019440,세아특수강,1차 철강 제조업,"냉간압조용선재,마봉강,스테인레스봉강 제조",6,896,10450.0,0.0,0.0,-100.0,-100.0,0.0,3.47,3.56,7.81
355,019550,SBI인베스트먼트,신탁업 및 집합투자업,벤처캐피탈,6,1177,726.0,0.0,0.0,-100.0,-100.0,0.0,12.85,3.11,3.17
356,019990,에너토크,일반 목적용 기계 제조업,전동액츄에이터,6,366,3750.0,0.0,0.0,-100.0,-100.0,0.0,1.2,3.25,0.98
357,021080,에이티넘인베스트,신탁업 및 집합투자업,벤처캐피탈,6,806,1680.0,0.0,0.0,-100.0,-100.0,0.0,8.7,9.6,12.87
358,023000,삼원강재,자동차 신품 부품 제조업,"열간압연제품(평강,봉강,특수이형강,환강,자동차용 겹판스프링) 제조,판매",6,808,2020.0,0.0,0.0,-100.0,-100.0,0.0,5.03,5.97,5.73
359,023450,동남합성,기초 화학물질 제조업,"계면활성제,정밀화학품 제조,도매/부동산 임대",6,1155,32000.0,0.0,0.0,-100.0,-100.0,0.0,26.23,10.39,2.75
360,023900,풍국주정,알코올음료 제조업,발효주정,6,2936,23300.0,0.0,0.0,-100.0,-100.0,0.0,5.95,8.47,12.56
361,023910,대한약품,의약품 제조업,수액제,6,1794,29900.0,0.0,0.0,-100.0,-100.0,0.0,18.34,22.26,23.78
362,024060,흥구석유,기타 전문 도매업,휘발유등,6,1002,6680.0,0.0,0.0,-100.0,-100.0,0.0,11.25,3.38,2.97
363,024090,디씨엠,1차 철강 제조업,"PCM(칼라강판),라미네이트강판,산업용필름 제조,판매",6,1293,11050.0,0.0,0.0,-100.0,-100.0,0.0,14.18,4.29,8.6
364,024120,KB오토시스,자동차 신품 부품 제조업,브레이크패드,6,741,6440.0,0.0,0.0,-100.0,-100.0,0.0,10.84,14.18,15.18
365,024720,한국콜마홀딩스,기타 금융업,"화장품,의약부외품의 주문자표시 제조,도매",6,5525,30800.0,0.0,0.0,-100.0,-100.0,0.0,10.51,18.57,10.26
366,024830,세원물산,자동차 신품 부품 제조업,라디에이터서포터,6,524,6280.0,0.0,0.0,-100.0,-100.0,0.0,7.2,3.21,3.49
367,024890,대원화성,플라스틱제품 제조업,"합성피혁,벽지,DMF(폐용수)정제,방수투습원단,화공약 임가공,제조,도매,수출입",6,742,1800.0,0.0,0.0,-100.0,-100.0,0.0,5.56,3.62,2.21
368,025530,에스제이엠홀딩스,자동차 부품 및 내장품 판매업,지주회사및경영자문,6,379,2535.0,0.0,0.0,-100.0,-100.0,0.0,3.32,2.11,11.02
369,025540,한국단자공업,"전동기, 발전기 및 전기 변환 · 공급 · 제어 장치 제조업","전기변환장치(광커넥터,통신용콘넥터,정밀압착단자설계) 제조,무역(수출)",6,3885,37300.0,0.0,0.0,-100.0,-100.0,0.0,4.55,5.8,7.72
370,025770,한국정보통신,전기 통신업,신용카드조회기,6,3460,9240.0,0.0,0.0,-100.0,-100.0,0.0,12.7,14.21,15.85
371,025860,남해화학,"비료, 농약 및 살균, 살충제 제조업","비료(요소,복합비료),공업제품원료 제조,도매",6,3945,7940.0,0.0,0.0,-100.0,-100.0,0.0,3.74,1.97,6.56
372,026890,디피씨,"전동기, 발전기 및 전기 변환 · 공급 · 제어 장치 제조업","전자레인지용 고압변성기,리엑터,디지탈위성방송수신기 제조",6,7273,17450.0,0.0,0.0,-100.0,-100.0,0.0,7.11,7.99,5.16
373,026940,부국철강,1차 철강 제조업,철강,6,1054,5270.0,0.0,0.0,-100.0,-100.0,0.0,1.64,1.85,2.08
374,026960,동서,음·식료품 및 담배 도매업,"식품 유통, 다류 및 연포장재 제조 등",6,19142,19200.0,0.0,0.0,-100.0,-100.0,0.0,10.53,9.39,10.21
375,027050,코리아나,기타 화학제품 제조업,화장품,6,1940,4850.0,0.0,0.0,-100.0,-100.0,0.0,0.76,2.22,2.28
376,028100,동아지질,기반조성 및 시설물 축조관련 전문공사업,"보링그라우팅공사,토공사,철근콘크리트공사,상하수도공사,비계구조물해체공사,수중공사/지질조사,시공감리",6,1777,15450.0,0.0,0.0,-100.0,-100.0,0.0,10.33,11.32,11.19
377,029460,케이씨,"측정, 시험, 항해, 제어 및 기타 정밀기기 제조업; 광학기기 제외",가스/Chemical 공급 장치 등 제조 및 판매,6,2948,21750.0,0.0,0.0,-100.0,-100.0,0.0,12.38,67.41,27.73
378,029530,신도리코,컴퓨터 및 주변장치 제조업,"복사기,팩시밀리,프린터,주변기기 제조,판매",6,2359,23400.0,0.0,0.0,-100.0,-100.0,0.0,1.66,4.06,3.73
379,029960,코엔텍,폐기물 처리업,산업폐기물 소각/매립처리,6,4460,8920.0,0.0,0.0,-100.0,-100.0,0.0,16.01,17.86,13.6
380,030530,원익홀딩스,기타 금융업,가스캐비닛,6,3862,5000.0,0.0,0.0,-100.0,-100.0,0.0,4.42,10.83,11.35
381,031330,에스에이엠티,기계장비 및 관련 물품 도매업,"반도체(메모리,비메모리), CPU, TFT-LCD, 네트웍 장비, PC 및 주변기기, 이동통신수탁사업",5,2105,2105.0,0.0,0.0,-100.0,-100.0,0.0,16.62,15.67,16.27
382,031820,콤텍시스템,"컴퓨터 프로그래밍, 시스템 통합 및 관리업","시스템(네트웍) 구축/데이터통신장비(모뎀,먹스),종합네트워크시스템 제조,설치,유지보수",5,852,1255.0,0.0,0.0,-100.0,-100.0,0.0,1.22,9.74,1.52
383,031980,피에스케이홀딩스,특수 목적용 기계 제조업,감광액제거기,6,1443,6690.0,0.0,0.0,-100.0,-100.0,0.0,4.66,21.41,18.47
384,032280,삼일,도로 화물 운송업,운송및하역수입,6,297,1830.0,0.0,0.0,-100.0,-100.0,0.0,5.18,4.18,3.29
385,032560,황금에스티,1차 비철금속 제조업,"스테인레스 냉연, 열연",6,862,6160.0,0.0,0.0,-100.0,-100.0,0.0,10.23,6.48,9.66
386,032750,삼진,통신 및 방송 장비 제조업,리모트컨트롤러,6,559,9320.0,0.0,0.0,-100.0,-100.0,0.0,17.15,2.49,4.38
387,033130,디지틀조선,"자료처리, 호스팅, 포털 및 기타 인터넷 정보매개 서비스업",위성서비스,6,1173,3160.0,0.0,0.0,-100.0,-100.0,0.0,4.54,7.24,7.85
388,033160,엠케이전자,전자부품 제조업,반도체용세금선,6,2137,9800.0,0.0,0.0,-100.0,-100.0,0.0,2.34,8.47,16.27
389,033270,유나이티드,의약품 제조업,"홈타민 진생연질60C(비타민제),항암제,항생제,순환기계,해열진통제,소화기계약품 제조",6,4358,26850.0,0.0,0.0,-100.0,-100.0,0.0,12.79,14.73,14.7
390,033310,디케이디앤아이,기타 금속 가공제품 제조업,산업용자동제어반기기,6,1184,5390.0,0.0,0.0,-100.0,-100.0,0.0,7.75,8.11,8.29
391,033320,제이씨현시스템,기계장비 및 관련 물품 도매업,"메인보드, 그래픽카드",6,1099,5750.0,0.0,0.0,-100.0,-100.0,0.0,0.83,11.55,17.73
392,033830,티비씨,텔레비전 방송업,"텔레비젼 방송,문화서비스,광고/출판,음반 제작,도매",6,726,726.0,0.0,0.0,-100.0,-100.0,0.0,5.13,3.21,2.97
393,034590,인천도시가스,연료용 가스 제조 및 배관공급업,도시가스 공급/가스설비공사,5,1052,24050.0,0.0,0.0,-100.0,-100.0,0.0,5.87,9.19,8.22
394,034810,해성산업,부동산 임대 및 공급업,시설관리 용역 및 부동산 임대,6,2229,12300.0,0.0,0.0,-100.0,-100.0,0.0,1.65,0.53,2.39
395,034950,한국기업평가,기타 사업지원 서비스업,"신용평가, 컨설팅, 위험관리솔루션",6,3428,75500.0,0.0,0.0,-100.0,-100.0,0.0,20.96,18.51,17.67
396,035150,백산,플라스틱제품 제조업,"P.U.인조피혁,부직포인공피혁 제조,무역",5,1217,5030.0,0.0,0.0,-100.0,-100.0,0.0,4.9,11.66,7.27
397,035200,프럼파스트,플라스틱제품 제조업,주택건설용 플라스틱 배관,6,486,4990.0,0.0,0.0,-100.0,-100.0,0.0,3.34,4.7,13.9
398,035510,신세계I&C,"컴퓨터 프로그래밍, 시스템 통합 및 관리업","IT시스템 개발, 운영 및 유지보수, IT 컨설팅, IT장비솔루션 총판, 아웃소싱, IDC, IT기기 및 휴대폰 유통, 전자상품권",6,2073,120500.0,0.0,0.0,-100.0,-100.0,0.0,5.44,16.32,5.98
399,036030,KTH,상품 중개업,"K쇼핑, 콘텐츠유통, ICT",6,1779,4980.0,0.0,0.0,-100.0,-100.0,0.0,0.69,0.43,1.58
400,036480,대성미생물,의약품 제조업,"동물용 의약품, 미생물제재",6,692,18200.0,0.0,0.0,-100.0,-100.0,0.0,8.37,10.02,5.25
401,036530,S&T홀딩스,기타 금융업,"지배,경영지도,정리,육성",6,2446,15000.0,0.0,0.0,-100.0,-100.0,0.0,8.78,4.36,1.14
402,036560,영풍정밀,일반 목적용 기계 제조업,"펌프, 벨브, 공사,주조 등",6,1139,7230.0,0.0,0.0,-100.0,-100.0,0.0,4.42,3.8,2.99
403,036670,KCI,기타 화학제품 제조업,"폴리머,레진,계면활성제",6,1144,10150.0,0.0,0.0,-100.0,-100.0,0.0,18.92,17.09,8.29
404,036690,코맥스,통신 및 방송 장비 제조업,"홈네트워크시스템,CCTV 방송설비",6,610,4070.0,0.0,0.0,-100.0,-100.0,0.0,5.68,4.66,12.14
405,036810,에프에스티,전자부품 제조업,"펠리클(반도체부품),칠러장비,반도체유통",6,5321,26300.0,0.0,0.0,-100.0,-100.0,0.0,17.52,19.36,14.04
406,037030,파워넷,"전동기, 발전기 및 전기 변환 · 공급 · 제어 장치 제조업",전력변환장치,5,601,4420.0,0.0,0.0,-100.0,-100.0,0.0,10.78,11.45,23.89
407,037070,파세코,가정용 기기 제조업,"석유스토브, 식기건조기,식기세척기",6,2044,14600.0,0.0,0.0,-100.0,-100.0,0.0,11.86,6.88,5.43
408,037230,한국팩키지,"골판지, 종이 상자 및 종이용기 제조업",카톤팩,6,728,2910.0,0.0,0.0,-100.0,-100.0,0.0,4.38,4.2,6.98
409,037330,인지디스플레,전자부품 제조업,"TFT-LCDCHASSIS,TFT-LCDLAMPREFLECTOR,ICLEADFRAME,TRLEADFRAME",5,768,1750.0,0.0,0.0,-100.0,-100.0,0.0,2.7,6.61,1.42
410,037460,삼지전자,통신 및 방송 장비 제조업,"통신기기,정보기기,BACKLIGHTUNIT사업",6,1762,10800.0,0.0,0.0,-100.0,-100.0,0.0,7.12,7.62,17.28
411,037710,광주신세계,종합 소매업,백화점,6,2176,136000.0,0.0,0.0,-100.0,-100.0,0.0,7.44,7.52,8.59
412,037760,쎄니트,1차 철강 제조업,스테인레스 냉연강판,5,643,1900.0,0.0,0.0,-100.0,-100.0,0.0,2.95,4.37,9.5
413,038010,제일테크노스,"구조용 금속제품, 탱크 및 증기발생기 제조업",DECK PKATE,6,435,4835.0,0.0,0.0,-100.0,-100.0,0.0,5.58,7.34,5.19
414,038070,서린바이오,기타 전문 도매업,생명과학연구기기및시약,6,1016,12700.0,0.0,0.0,-100.0,-100.0,0.0,15.67,4.99,4.12
415,039010,현대통신,통신 및 방송 장비 제조업,홈오토메이션 제조,6,580,6730.0,0.0,0.0,-100.0,-100.0,0.0,13.6,25.22,28.9
416,039240,경남스틸,1차 철강 제조업,"냉연강판,아연도강판, 산세코일, 열연아연도금강판, 전기아연도금강판 등",6,435,1740.0,0.0,0.0,-100.0,-100.0,0.0,5.4,6.49,5.38
417,039290,인포뱅크,기타 정보 서비스업,"모바일메시징서비스,휴대폰단말기용S/W개발용역",6,587,6750.0,0.0,0.0,-100.0,-100.0,0.0,1.59,5.79,3.22
418,039420,케이엘넷,전기 통신업,EC/EDI,6,557,2305.0,0.0,0.0,-100.0,-100.0,0.0,10.41,5.55,8.54
419,041190,우리기술투자,기타 금융업,창업자에 대한 투자 및 융자,6,2167,2580.0,0.0,0.0,-100.0,-100.0,0.0,15.11,15.78,5.72
420,041440,에버다임,특수 목적용 기계 제조업,"콘크리트펌프트럭, 중장비개량사업",6,698,3895.0,0.0,0.0,-100.0,-100.0,0.0,0.61,5.4,10.03
421,041460,한국전자인증,소프트웨어 개발 및 공급업,"개인용이메일 보안,인증업무,전자상거래관련 인증서비스/기업용 인증솔루션 제공",6,1258,5860.0,0.0,0.0,-100.0,-100.0,0.0,4.42,8.19,10.6
422,041930,동아화성,고무제품 제조업,자동차용 고무부품,6,1334,8440.0,0.0,0.0,-100.0,-100.0,0.0,9.72,6.56,9.76
423,042500,링네트,"컴퓨터 프로그래밍, 시스템 통합 및 관리업",네트워크 구축(Network Integration),6,738,4850.0,0.0,0.0,-100.0,-100.0,0.0,12.73,6.51,8.91
424,042510,라온시큐어,소프트웨어 개발 및 공급업,소프트웨어 개발 및 공급,6,1156,3635.0,0.0,0.0,-100.0,-100.0,0.0,10.15,21.09,23.82
425,042700,한미반도체,특수 목적용 기계 제조업,"반도체 후공정장비,반도체금형 제조/부동산 매매,임대",6,6129,11900.0,0.0,0.0,-100.0,-100.0,0.0,8.85,23.37,4.57
426,044060,조광ILI,일반 목적용 기계 제조업,"안전밸브,스팀트랩",6,612,6190.0,0.0,0.0,-100.0,-100.0,0.0,6.4,9.05,6.67
427,044780,에이치케이,특수 목적용 기계 제조업,레이저가공 절단기,6,232,1255.0,0.0,0.0,-100.0,-100.0,0.0,1.71,3.03,0.72
428,044960,이글벳,기타 전문 도매업,"아바텍,아목사실린사 등",6,1057,8360.0,0.0,0.0,-100.0,-100.0,0.0,3.52,3.14,4.89
429,045060,오공,기타 화학제품 제조업,"접착제,씰란트,광택제,연마제",6,864,5100.0,0.0,0.0,-100.0,-100.0,0.0,9.79,9.59,10.7
430,045100,한양이엔지,"건축기술, 엔지니어링 및 관련 기술 서비스업",반도체배관설비,6,1744,9690.0,0.0,0.0,-100.0,-100.0,0.0,9.33,28.01,15.21
431,045390,대아티아이,기타 전기장비 제조업,"EDMS(Enterprise Document Management System)-전사적문서관리시스템,KMS-지식경영시스템",6,4646,6530.0,0.0,0.0,-100.0,-100.0,0.0,2.32,7.16,8.34
432,045520,크린앤사이언스,일반 목적용 기계 제조업,자동차용 여과지,5,2200,33850.0,0.0,0.0,-100.0,-100.0,0.0,20.57,20.01,16.08
433,045660,에이텍,컴퓨터 및 주변장치 제조업,"PC,모니터",6,1892,22900.0,0.0,0.0,-100.0,-100.0,0.0,8.83,8.99,21.64
434,046110,한일네트웍스,"자료처리, 호스팅, 포털 및 기타 인터넷 정보매개 서비스업",서비스ASP,6,545,4560.0,0.0,0.0,-100.0,-100.0,0.0,10.85,8.53,32.45
435,046120,오르비텍,기타 과학기술 서비스업,"방사선안전관리, 항공기 정밀부품 제조 등",6,714,3000.0,0.0,0.0,-100.0,-100.0,0.0,1.47,5.38,5.61
436,047310,파워로직스,"전동기, 발전기 및 전기 변환 · 공급 · 제어 장치 제조업",휴대폰 배터리 등 2차전지용 보호회로,6,2489,7230.0,0.0,0.0,-100.0,-100.0,0.0,26.19,13.95,6.91
437,048430,유라테크,"전동기, 발전기 및 전기 변환 · 공급 · 제어 장치 제조업","점화코일, 스파크플러그",6,1382,12000.0,0.0,0.0,-100.0,-100.0,0.0,2.14,4.23,3.41
438,048910,대원미디어,기타 전문 도매업,"캐릭터 사업, 만화영화 제작",6,771,6130.0,0.0,0.0,-100.0,-100.0,0.0,1.38,2.89,10.25
439,049430,코메론,"측정, 시험, 항해, 제어 및 기타 정밀기기 제조업; 광학기기 제외","줄자, 냉간압연",6,788,8710.0,0.0,0.0,-100.0,-100.0,0.0,10.64,9.88,8.19
440,049520,유아이엘,전자부품 제조업,스마트폰 기구부품,6,889,4080.0,0.0,0.0,-100.0,-100.0,0.0,4.92,5.49,8.79
441,049720,고려신용정보,기타 사업지원 서비스업,"채권추심, 신용조사",6,781,5460.0,0.0,0.0,-100.0,-100.0,0.0,31.75,25.63,21.07
442,049950,미래컴퍼니,특수 목적용 기계 제조업,EdgeGrinder,6,2199,26300.0,0.0,0.0,-100.0,-100.0,0.0,11.06,19.53,33.11
443,049960,쎌바이오텍,기초 의약물질 및 생물학적 제제 제조업,유산균 원말 및 완제품,6,1556,16550.0,0.0,0.0,-100.0,-100.0,0.0,6.91,19.8,20.88
444,050960,수산아이앤티,소프트웨어 개발 및 공급업,"공유단말접속관리서비스, 보안솔루션 등",6,563,8340.0,0.0,0.0,-100.0,-100.0,0.0,3.9,4.37,6.12
445,051360,토비스,영상 및 음향기기 제조업,Gaming모니터,6,1145,6850.0,0.0,0.0,-100.0,-100.0,0.0,11.88,11.45,8.06
446,051380,피씨디렉트,기계장비 및 관련 물품 도매업,"스토리지(HDD), 프로세서(CPU), Memory, Monitor등",6,836,10900.0,0.0,0.0,-100.0,-100.0,0.0,10.89,10.57,10.55
447,052260,SK바이오랜드,기타 화학제품 제조업,"천연물질 추출물, 미생물 배양제품",6,4403,29350.0,0.0,0.0,-100.0,-100.0,0.0,7.12,10.5,8.93
448,052330,코텍,영상 및 음향기기 제조업,"Touch Screen Monitor, 산업용 CRT Monitor",6,1378,8850.0,0.0,0.0,-100.0,-100.0,0.0,10.12,12.72,8.61
449,052600,한네트,전기 통신업,"현금서비스, 예금인출",6,451,3900.0,0.0,0.0,-100.0,-100.0,0.0,3.19,3.02,3.76
450,052670,제일바이오,의약품 제조업,동물사료첨가제,6,1268,8450.0,0.0,0.0,-100.0,-100.0,0.0,6.67,3.46,2.44
451,052690,한전기술,"건축기술, 엔지니어링 및 관련 기술 서비스업",원자력발전소 설계 등,6,6134,16050.0,0.0,0.0,-100.0,-100.0,0.0,5.54,2.82,7.48
452,053210,케이티스카이라이프,텔레비전 방송업,위성방송서비스,6,4098,8570.0,0.0,0.0,-100.0,-100.0,0.0,8.02,8.33,10.25
453,053260,금강철강,1차 철강 제조업,"냉연압연강판, 산세코일",6,600,3205.0,0.0,0.0,-100.0,-100.0,0.0,4.0,4.86,2.79
454,053690,한미글로벌,"건축기술, 엔지니어링 및 관련 기술 서비스업","건축 설계,감리/건축공사,토목공사,설비공사,전기공사,안전공사",6,886,8090.0,0.0,0.0,-100.0,-100.0,0.0,20.64,7.06,9.08
455,053800,안랩,소프트웨어 개발 및 공급업,바이러스백신 프로그램,6,6068,60600.0,0.0,0.0,-100.0,-100.0,0.0,9.57,12.08,9.15
456,054540,삼영엠텍,"구조용 금속제품, 탱크 및 증기발생기 제조업","구조용 특수장치, 교량부품",6,545,4190.0,0.0,0.0,-100.0,-100.0,0.0,4.57,1.87,2.36
457,054800,아이디스홀딩스,기타 전문 서비스업,비금융지주회사,6,1412,13650.0,0.0,0.0,-100.0,-100.0,0.0,-5.18,10.72,6.13
458,055490,테이팩스,플라스틱제품 제조업,"OCA, 2차전지용 테이프, 산업용 랩 등",5,1132,24000.0,0.0,0.0,-100.0,-100.0,0.0,7.87,5.63,9.6
459,058400,KNN,텔레비전 방송업,방송프로그램 제작 및 송출,6,2073,1565.0,0.0,0.0,-100.0,-100.0,0.0,4.17,4.16,5.28
460,058470,리노공업,전자부품 제조업,"리노핀, 반도체 소켓 등",6,19632,128800.0,0.0,0.0,-100.0,-100.0,0.0,18.75,19.82,18.82
461,058630,엠게임,소프트웨어 개발 및 공급업,"온라인 게임 개발 및 퍼블리싱(열혈강호온라인,홀릭2,영웅)",6,1036,5300.0,0.0,0.0,-100.0,-100.0,0.0,21.89,8.15,8.55
462,058650,세아홀딩스,1차 철강 제조업,지주회사/투자 및 경영컨설팅/부동산 임대,6,2960,74000.0,0.0,0.0,-100.0,-100.0,0.0,1.58,1.72,7.5
463,058730,다스코,"구조용 금속제품, 탱크 및 증기발생기 제조업","데크플레이트,도로안전시설물(가드레일,강재방호책),건축용단열재보드(경질우레탄보드),신재생에너지사업",6,769,4995.0,0.0,0.0,-100.0,-100.0,0.0,1.51,14.67,16.59
464,058860,KTis,기타 정보 서비스업,"114전화번호안내, 고객센터",6,759,2180.0,0.0,0.0,-100.0,-100.0,0.0,5.6,4.92,5.23
465,059120,아진엑스텍,반도체 제조업,"전자집적회로, 모션제어칩",6,459,6610.0,0.0,0.0,-100.0,-100.0,0.0,5.71,10.87,18.49
466,060540,에스에이티,"측정, 시험, 항해, 제어 및 기타 정밀기기 제조업; 광학기기 제외","이동통신중계기용부품(제어기,광모듈,RF필터)",6,520,1990.0,0.0,0.0,-100.0,-100.0,0.0,11.5,8.53,9.89
467,061250,화일약품,의약품 제조업,의약품 원료,6,2154,12450.0,0.0,0.0,-100.0,-100.0,0.0,2.89,5.09,2.69
468,063760,이엘피,"측정, 시험, 항해, 제어 및 기타 정밀기기 제조업; 광학기기 제외",OLED 패널검사기 등,6,550,11200.0,0.0,0.0,-100.0,-100.0,0.0,5.98,24.7,40.41
469,064760,티씨케이,기타 비금속 광물제품 제조업,반도체 제조공정용 고순도 흑연제품,6,10648,91200.0,0.0,0.0,-100.0,-100.0,0.0,23.15,28.43,28.75
470,064850,에프앤가이드,금융 지원 서비스업,금융정보제공서비스(FnGuide.com),6,868,7890.0,0.0,0.0,-100.0,-100.0,0.0,8.87,7.03,16.11
471,065130,탑엔지니어링,특수 목적용 기계 제조업,LCD Cell Line 자동화 장치,6,1329,8320.0,0.0,0.0,-100.0,-100.0,0.0,18.76,10.15,8.72
472,065370,위세아이텍,소프트웨어 개발 및 공급업,"빅데이터분석, 인공지능, 데이터품질관리 솔루션",6,1000,22700.0,0.0,0.0,-100.0,-100.0,0.0,27.29,19.45,17.88
473,065530,전파기지국,전기 통신업,공용기지국건설/관리,5,2754,5210.0,0.0,0.0,-100.0,-100.0,0.0,2.96,1.38,5.29
474,065710,서호전기,"전동기, 발전기 및 전기 변환 · 공급 · 제어 장치 제조업",항만크레인 구동전기장치,6,1107,21500.0,0.0,0.0,-100.0,-100.0,0.0,22.33,8.88,10.47
475,066130,하츠,가정용 기기 제조업,"레인지후드, 빌트인 기기 등",6,804,6280.0,0.0,0.0,-100.0,-100.0,0.0,2.9,1.86,5.69
476,066620,국보디자인,실내건축 및 건축마무리 공사업,인테리어디자인,6,1185,15800.0,0.0,0.0,-100.0,-100.0,0.0,13.75,13.35,14.33
477,066670,디스플레이텍,전자부품 제조업,LCD Module,6,608,3255.0,0.0,0.0,-100.0,-100.0,0.0,3.61,2.01,3.22
478,067080,대화제약,의약품 제조업,"후로스판, 세파메칠 등",6,2688,14750.0,0.0,0.0,-100.0,-100.0,0.0,13.49,8.65,17.71
479,067280,멀티캠퍼스,기타 교육기관,e-Learning서비스,6,1805,30450.0,0.0,0.0,-100.0,-100.0,0.0,18.19,19.36,15.29
480,067830,세이브존I&C,종합 소매업,"대형할인점(백화점)/부동산 임대/주차장,문화센터 운영",6,893,2175.0,0.0,0.0,-100.0,-100.0,0.0,5.04,6.17,7.67
481,068290,삼성출판사,"서적, 잡지 및 기타 인쇄물 출판업","서적 출판,인쇄,소매/부동산 임대",6,2180,21800.0,0.0,0.0,-100.0,-100.0,0.0,5.49,0.38,3.92
482,068330,일신바이오,일반 목적용 기계 제조업,초저온냉동고및동결건조기,6,1658,3750.0,0.0,0.0,-100.0,-100.0,0.0,12.26,8.91,6.17
483,068790,DMS,특수 목적용 기계 제조업,LCD 제조장비,5,1499,6500.0,0.0,0.0,-100.0,-100.0,0.0,10.87,10.61,2.91
484,069730,DSR제강,1차 철강 제조업,"와이어로프,각종 경강선,철선제품,PC강선,아연도 강연선 제조",6,643,4465.0,0.0,0.0,-100.0,-100.0,0.0,4.86,5.55,3.91
485,071200,인피니트헬스케어,소프트웨어 개발 및 공급업,의료영상저장전송시스템(PACS),6,1757,7200.0,0.0,0.0,-100.0,-100.0,0.0,8.95,6.66,2.2
486,072020,중앙백신,기초 의약물질 및 생물학적 제제 제조업,동물용백신,6,1798,18050.0,0.0,0.0,-100.0,-100.0,0.0,2.16,4.62,7.32
487,072470,우리산업홀딩스,자동차 신품 부품 제조업,HVAC ACTUATOR (자동차 공조장치 부품 등),6,1022,5410.0,0.0,0.0,-100.0,-100.0,0.0,0.14,1.41,2.1
488,072710,농심홀딩스,기타 금융업,"지주회사,투자자문,경영컨설팅 서비스",6,3840,82800.0,0.0,0.0,-100.0,-100.0,0.0,4.03,5.32,4.78
489,072950,빛샘전자,전자부품 제조업,"전광판용 LED 모듈, LED 전광판, 광접속함체",6,315,5250.0,0.0,0.0,-100.0,-100.0,0.0,3.46,3.16,6.76
490,072990,에이치시티,기타 과학기술 서비스업,기술검사서비스,6,727,10500.0,0.0,0.0,-100.0,-100.0,0.0,12.94,8.26,0.21
491,073560,우리손에프앤지,"도축, 육류 가공 및 저장 처리업","양돈업, 도축업",5,1374,1985.0,0.0,0.0,-100.0,-100.0,0.0,2.32,15.93,17.99
492,076340,관악산업,기반조성 및 시설물 축조관련 전문공사업,"수중공사, 준설공사 등",6,242,4965.0,0.0,0.0,-100.0,-100.0,0.0,7.39,9.29,9.77
493,078000,텔코웨어,"자료처리, 호스팅, 포털 및 기타 인터넷 정보매개 서비스업","소프트웨어(핵심망솔루션,무선데이터솔루션,요소기술) 개발,유지보수,무역",6,1213,12500.0,0.0,0.0,-100.0,-100.0,0.0,3.86,5.8,4.97
494,078070,유비쿼스홀딩스,통신 및 방송 장비 제조업,"소프트웨어 개발,정보처리유선,무선통신기기,부품,컴퓨터 도소매,제조",6,6011,32150.0,0.0,0.0,-100.0,-100.0,0.0,3.53,5.12,51.78
495,078140,대봉엘에스,의약품 제조업,"원료의약품,화장품원료",6,1341,12100.0,0.0,0.0,-100.0,-100.0,0.0,7.37,8.65,10.8
496,078150,HB테크놀러지,특수 목적용 기계 제조업,TFT-LCD검사장비,6,1730,2190.0,0.0,0.0,-100.0,-100.0,0.0,2.02,4.38,27.22
497,078890,가온미디어,통신 및 방송 장비 제조업,디지털셋톱박스,5,912,6050.0,0.0,0.0,-100.0,-100.0,0.0,12.08,3.89,5.67
498,079000,와토스코리아,플라스틱제품 제조업,위생도기용부속(양변기용),6,404,5610.0,0.0,0.0,-100.0,-100.0,0.0,4.23,3.98,5.13
499,079370,제우스,특수 목적용 기계 제조업,LCD제조용장비,6,1537,14800.0,0.0,0.0,-100.0,-100.0,0.0,6.43,15.7,10.71
500,079940,가비아,소프트웨어 개발 및 공급업,"도메인,호스팅",6,2200,16250.0,0.0,0.0,-100.0,-100.0,0.0,15.73,12.58,8.88
501,079960,동양이엔피,"전동기, 발전기 및 전기 변환 · 공급 · 제어 장치 제조업","휴대폰용,OA기기및통신장비용,디지털가전용전원공급장치",6,1073,13650.0,0.0,0.0,-100.0,-100.0,0.0,11.69,2.54,2.75
502,080010,이상네트웍스,상품 중개업,기업간전자상거래서비스,6,527,5850.0,0.0,0.0,-100.0,-100.0,0.0,10.48,8.45,10.83
503,080520,오디텍,반도체 제조업,"광반도체,소자및모듈",6,556,4735.0,0.0,0.0,-100.0,-100.0,0.0,1.82,2.98,3.45
504,081000,일진다이아,기타 화학제품 제조업,"공업용 합성다이아몬드 제조,도매,수출입",6,7968,56100.0,0.0,0.0,-100.0,-100.0,0.0,8.06,7.71,8.37
505,081150,티플랙스,기타 금속 가공제품 제조업,"스텐레스봉,판(열간제품) 제조,도매",6,1092,4500.0,0.0,0.0,-100.0,-100.0,0.0,2.44,2.54,3.62
506,083420,그린케미칼,기타 화학제품 제조업,"비이온계면활성제 제조,도매",6,792,3300.0,0.0,0.0,-100.0,-100.0,0.0,5.17,2.32,2.24
507,084110,휴온스글로벌,의약품 제조업,"비만치료제,국소마취제등",6,3755,32750.0,0.0,0.0,-100.0,-100.0,0.0,7.2,8.22,7.8
508,084730,팅크웨어,통신 및 방송 장비 제조업,"내비게이션,블랙박스,태블릿 및 위치정보서비스",6,954,9150.0,0.0,0.0,-100.0,-100.0,0.0,2.76,1.7,2.05
509,088130,동아엘텍,특수 목적용 기계 제조업,LCD검사장비,6,767,7190.0,0.0,0.0,-100.0,-100.0,0.0,7.4,11.19,8.88
510,088910,동우팜투테이블,"도축, 육류 가공 및 저장 처리업","육계,삼계",6,874,3385.0,0.0,0.0,-100.0,-100.0,0.0,1.39,10.07,11.1
511,089140,넥스턴,유리 및 유리제품 제조업,CNC자동선반,6,912,7700.0,0.0,0.0,-100.0,-100.0,0.0,5.89,5.93,7.46
512,089150,케이씨티,"컴퓨터 프로그래밍, 시스템 통합 및 관리업","금융단말시스템,복표발매기,마권발매기",6,659,3845.0,0.0,0.0,-100.0,-100.0,0.0,2.26,3.11,5.12
513,089470,HDC현대EP,기타 화학제품 제조업,"합성수지(PP컴파운딩가공,자동차범퍼,내장제) 제조,도소매",5,1303,4085.0,0.0,0.0,-100.0,-100.0,0.0,4.66,3.02,11.39
514,090470,제이스텍,특수 목적용 기계 제조업,기계장비(디스플레이장비),5,1432,9810.0,0.0,0.0,-100.0,-100.0,0.0,1.21,6.22,79.98
515,092070,디엔에프,기타 화학제품 제조업,반도체배선박막재료(알루미늄전구체),6,1593,14800.0,0.0,0.0,-100.0,-100.0,0.0,2.47,16.46,17.34
516,092130,이크레더블,기타 정보 서비스업,"전자신용인증서비스(정보),소프트웨어 개발",6,2529,21000.0,0.0,0.0,-100.0,-100.0,0.0,26.81,27.8,27.45
517,092230,KPX홀딩스,기초 화학물질 제조업,지주회사,6,1783,42200.0,0.0,0.0,-100.0,-100.0,0.0,5.55,0.6,6.78
518,092300,현우산업,전자부품 제조업,인쇄회로판(PCB),6,490,3205.0,0.0,0.0,-100.0,-100.0,0.0,3.05,8.88,6.68
519,092590,럭스피아,반도체 제조업,"LED 패키지, LED 모듈",6,98,1340.0,0.0,0.0,-100.0,-100.0,0.0,15.42,6.01,6.71
520,093190,빅솔론,컴퓨터 및 주변장치 제조업,"POS용프린터,프린팅메카니즘",6,950,4940.0,0.0,0.0,-100.0,-100.0,0.0,6.57,10.29,16.24
521,093520,매커스,기계장비 및 관련 물품 도매업,자일링스(Xilinx)비메모리반도체(PLDchip)유통,6,656,4060.0,0.0,0.0,-100.0,-100.0,0.0,9.11,18.7,20.63
522,093920,서원인텍,통신 및 방송 장비 제조업,휴대폰용키패드및부자재,6,1343,7220.0,0.0,0.0,-100.0,-100.0,0.0,7.97,3.15,1.92
523,094820,일진파워,전기 및 통신 공사업,"열교환기,압력용기",6,781,5180.0,0.0,0.0,-100.0,-100.0,0.0,12.7,18.93,20.38
524,094840,슈프리마에이치큐,통신 및 방송 장비 제조업,지문인식솔루션및시스템,6,576,5500.0,0.0,0.0,-100.0,-100.0,0.0,5.79,5.57,3.95
525,094850,참좋은여행,여행사 및 기타 여행보조 서비스업,여행업,5,684,4885.0,0.0,0.0,-100.0,-100.0,0.0,25.44,13.06,18.13
526,095340,ISC,전자부품 제조업,반도체테스트소켓,6,2821,19950.0,0.0,0.0,-100.0,-100.0,0.0,2.57,8.13,11.1
527,100220,비상교육,"서적, 잡지 및 기타 인쇄물 출판업","참고서 출판/소프트웨어 개발,공급",6,911,7010.0,0.0,0.0,-100.0,-100.0,0.0,5.36,1.17,8.95
528,100250,진양홀딩스,플라스틱제품 제조업,"투자,경영컨설팅",6,1325,2370.0,0.0,0.0,-100.0,-100.0,0.0,4.98,0.36,3.3
529,100700,세운메디칼,의료용품 및 기타 의약 관련제품 제조업,"의료용구(체액배출기,도뇨관) 제조,도매,수출입",6,1621,3700.0,0.0,0.0,-100.0,-100.0,0.0,10.44,11.79,12.17
530,101240,씨큐브,기초 화학물질 제조업,진주광택안료,6,757,7470.0,0.0,0.0,-100.0,-100.0,0.0,11.4,9.27,8.43
531,101330,모베이스,통신 및 방송 장비 제조업,휴대전화 케이스,5,823,3435.0,0.0,0.0,-100.0,-100.0,0.0,18.68,9.79,7.73
532,101490,에스앤에스텍,전자부품 제조업,블랭크마스크,6,7549,38250.0,0.0,0.0,-100.0,-100.0,0.0,12.0,5.85,4.08
533,102460,이연제약,의약품 제조업,"항생제,순환기제",6,2767,16500.0,0.0,0.0,-100.0,-100.0,0.0,2.68,0.61,6.46
534,104040,대성파인텍,자동차 신품 부품 제조업,"자동차부품(시트,도어) 제조",6,443,1415.0,0.0,0.0,-100.0,-100.0,0.0,2.33,5.93,4.75
535,105740,디케이락,일반 목적용 기계 제조업,"DK-Lok 피팅, D-Pro 밸브",6,820,9700.0,0.0,0.0,-100.0,-100.0,0.0,9.57,6.92,0.63
536,107590,미원홀딩스,기타 금융업,도료첨가제,6,1089,46950.0,0.0,0.0,-100.0,-100.0,0.0,11.03,7.62,7.5
537,108380,대양전기공업,선박 및 보트 건조업,"해상용 조명등기구, (함정용)전자시스템, 배전반류 등",6,1091,11400.0,0.0,0.0,-100.0,-100.0,0.0,6.19,6.69,6.66
538,108490,로보티즈,특수 목적용 기계 제조업,"솔루션(로봇 엑츄에이터 모듈과 구동 소프트웨어), 에듀테인먼트 로봇, 로봇 플랫폼",6,1423,12650.0,0.0,0.0,-100.0,-100.0,0.0,4.05,4.87,7.35
539,109080,옵티시스,통신 및 방송 장비 제조업,광링크 모듈 등,6,444,7870.0,0.0,0.0,-100.0,-100.0,0.0,7.73,8.1,5.28
540,109860,동일금속,금속 주조업,"크롤러크레인용 트랙슈 어셈블리, 굴삭기용 아이들러 트랙슈 스프링 등",6,791,11300.0,0.0,0.0,-100.0,-100.0,0.0,13.31,8.93,3.7
541,110990,디아이티,특수 목적용 기계 제조업,평판디스플레이 검사장비,6,1298,6870.0,0.0,0.0,-100.0,-100.0,0.0,7.85,5.29,9.49
542,111710,남화산업,스포츠 서비스업,골프장 서비스,6,2718,13200.0,0.0,0.0,-100.0,-100.0,0.0,2.3,3.37,7.53
543,115310,인포바인,전기 통신업,"휴대폰인증서보관서비스(UBIKey), 유선전화결제서비스(Vinepay)",6,568,17800.0,0.0,0.0,-100.0,-100.0,0.0,11.0,12.72,14.62
544,115390,락앤락,플라스틱제품 제조업,플라스틱 밀폐용기,6,5852,10800.0,0.0,0.0,-100.0,-100.0,0.0,2.44,4.68,5.33
545,115440,우리넷,통신 및 방송 장비 제조업,"광전송장비(MSPP), 교환장비(AGW)",6,914,10000.0,0.0,0.0,-100.0,-100.0,0.0,3.09,3.58,6.97
546,115500,케이씨에스,"컴퓨터 프로그래밍, 시스템 통합 및 관리업",컴퓨터시스템 통합 구축 및 철도 도로 교통인프라,6,559,4655.0,0.0,0.0,-100.0,-100.0,0.0,14.1,14.21,6.83
547,117580,대성에너지,연료용 가스 제조 및 배관공급업,천연가스,5,1354,4925.0,0.0,0.0,-100.0,-100.0,0.0,4.28,4.28,5.01
548,119500,포메탈,기타 금속 가공제품 제조업,"자동차,풍력,방위산업,산업기계,농기계등의 단조부품",6,400,3375.0,0.0,0.0,-100.0,-100.0,0.0,5.0,4.91,5.99
549,120030,조선선재,기타 금속 가공제품 제조업,용접재료,6,1383,110000.0,0.0,0.0,-100.0,-100.0,0.0,12.02,11.75,16.58
550,120240,대정화금,기초 화학물질 제조업,"시약, 원료의약품",6,1377,19400.0,0.0,0.0,-100.0,-100.0,0.0,5.15,9.44,7.95
551,122450,KMH,텔레비전 방송업,방송채널사업 및 방송송출서비스,6,1725,7610.0,0.0,0.0,-100.0,-100.0,0.0,7.13,23.7,20.6
552,123570,이엠넷,광고업,온라인 검색광고 대행,6,828,3715.0,0.0,0.0,-100.0,-100.0,0.0,13.02,8.88,9.32
553,123700,에스제이엠,자동차 신품 부품 제조업,자동차및산업용Bellows,6,399,2560.0,0.0,0.0,-100.0,-100.0,0.0,4.23,2.62,3.55
554,126560,현대에이치씨엔,텔레비전 방송업,방송업,6,5350,4740.0,0.0,0.0,-100.0,-100.0,0.0,5.19,5.77,6.71
555,126600,코프라,합성고무 및 플라스틱 물질 제조업,엔지니어링 플라스틱 칩,6,718,3400.0,0.0,0.0,-100.0,-100.0,0.0,8.5,4.85,6.01
556,126640,화신정공,자동차 신품 부품 제조업,자동차부품,6,440,1210.0,0.0,0.0,-100.0,-100.0,0.0,4.39,1.35,3.81
557,126700,하이비젼시스템,사진장비 및 광학기기 제조업,카메라모듈 제조검사용 장비,6,1674,11200.0,0.0,0.0,-100.0,-100.0,0.0,6.97,20.91,23.24
558,127710,아시아경제,"자료처리, 호스팅, 포털 및 기타 인터넷 정보매개 서비스업",광고 및 콘텐츠,6,381,1495.0,0.0,0.0,-100.0,-100.0,0.0,3.55,31.09,13.14
559,128660,피제이메탈,1차 비철금속 제조업,"탈산제, 조재제",6,508,2050.0,0.0,0.0,-100.0,-100.0,0.0,5.19,7.93,13.77
560,130500,GH신소재,기타 섬유제품 제조업,"자동차용 부직포, 폴리우레탄 폼",6,391,3550.0,0.0,0.0,-100.0,-100.0,0.0,5.43,1.03,5.95
561,131030,디에이치피코리아,의약품 제조업,티어린프리점안액,6,1348,8140.0,0.0,0.0,-100.0,-100.0,0.0,14.41,11.03,15.92
562,131090,시큐브,소프트웨어 개발 및 공급업,"시스템보안관리솔루션, 정보유출방지솔루션",6,708,1770.0,0.0,0.0,-100.0,-100.0,0.0,17.58,10.06,13.35
563,131180,딜리,컴퓨터 및 주변장치 제조업,디지털 UV 프린터,6,455,1550.0,0.0,0.0,-100.0,-100.0,0.0,3.66,4.52,4.55
564,134380,미원화학,기타 화학제품 제조업,"계면활성제, 황산및분황",6,1155,52500.0,0.0,0.0,-100.0,-100.0,0.0,14.07,8.51,15.82
565,138070,신진에스엠,기타 금속 가공제품 제조업,표준 플레이트,6,480,5350.0,0.0,0.0,-100.0,-100.0,0.0,3.46,4.66,7.74
566,138490,코오롱플라스틱,합성고무 및 플라스틱 물질 제조업,엔지니어링플라스틱,6,1594,4195.0,0.0,0.0,-100.0,-100.0,0.0,2.75,6.28,9.48
567,138580,비즈니스온,소프트웨어 개발 및 공급업,전자세금계산서 발행서비스(스마트빌),6,1527,16000.0,0.0,0.0,-100.0,-100.0,0.0,12.14,15.7,25.36
568,140070,서플러스글로벌,기계장비 및 관련 물품 도매업,"반도체 제조용 장비, 유휴기계설비 도소매",6,969,2620.0,0.0,0.0,-100.0,-100.0,0.0,1.28,17.46,24.19
569,145990,삼양사,기타 식품 제조업,설탕,6,6178,59900.0,0.0,0.0,-100.0,-100.0,0.0,3.07,4.13,3.31
570,147830,제룡산업,"구조용 금속제품, 탱크 및 증기발생기 제조업",송배전 금구류 및 합성수지 제품,6,498,4980.0,0.0,0.0,-100.0,-100.0,0.0,4.54,5.96,16.76
571,148250,알엔투테크놀로지,전자부품 제조업,"이동통신부품(커플러), 의료기기용기판, 파우더",6,1404,19950.0,0.0,0.0,-100.0,-100.0,0.0,3.38,4.43,3.66
572,149950,아바텍,전자부품 제조업,"Glass Slimming & ITO코팅 제품, PDP필터",6,1247,7990.0,0.0,0.0,-100.0,-100.0,0.0,5.3,5.63,11.2
573,151860,KG ETS,폐기물 처리업,"집단에너지(스팀), 산화동, 폐기물 소각",6,1505,4180.0,0.0,0.0,-100.0,-100.0,0.0,49.82,7.58,8.21
574,152330,코리아오토글라스,유리 및 유리제품 제조업,자동차 안전 유리,6,2830,14150.0,0.0,0.0,-100.0,-100.0,0.0,9.36,13.07,14.98
575,155660,DSR,1차 비철금속 제조업,합섬섬유로프,6,662,4140.0,0.0,0.0,-100.0,-100.0,0.0,5.83,5.54,8.15
576,160980,싸이맥스,특수 목적용 기계 제조업,"웨이퍼 이송장치(Cluster Tool, EFEM, LPM 등)",6,1442,13200.0,0.0,0.0,-100.0,-100.0,0.0,4.12,12.89,23.0
577,161000,애경유화,기초 화학물질 제조업,오르토프탈산디옥틸,6,2163,6750.0,0.0,0.0,-100.0,-100.0,0.0,8.62,16.36,23.22
578,163560,동일고무벨트,고무제품 제조업,"산업용고무제품, 종합고무부품",6,1108,8120.0,0.0,0.0,-100.0,-100.0,0.0,4.35,5.65,0.62
579,166090,하나머티리얼즈,반도체 제조업,"실리콘부품, 세라믹부품, 특수가스",6,4897,24950.0,0.0,0.0,-100.0,-100.0,0.0,20.86,35.33,30.56
580,171120,라이온켐텍,기타 화학제품 제조업,"합성왁스, 인조대리석",6,1487,7870.0,0.0,0.0,-100.0,-100.0,0.0,10.14,1.79,3.53
581,178920,PI첨단소재,플라스틱제품 제조업,PI필름,6,8854,30150.0,0.0,0.0,-100.0,-100.0,0.0,6.95,13.8,13.75
582,179290,엠아이텍,의료용 기기 제조업,비혈관 스텐트 및 체외충격파 쇄석기,6,1173,3855.0,0.0,0.0,-100.0,-100.0,0.0,7.88,1.23,11.62
583,187870,디바이스이엔지,특수 목적용 기계 제조업,OLED용 FM MASK 세정장비,5,1355,19250.0,0.0,0.0,-100.0,-100.0,0.0,7.48,25.39,20.12
584,189980,흥국에프엔비,비알코올음료 및 얼음 제조업,"과일음료(에이드베이스, 스무디, 착즙쥬스 등)",6,591,1610.0,0.0,0.0,-100.0,-100.0,0.0,8.57,4.71,4.64
585,192400,쿠쿠홀딩스,기타 금융업,주방용 전기기기 제조업,6,5839,82100.0,0.0,0.0,-100.0,-100.0,0.0,12.38,17.49,96.96
586,194370,제이에스코퍼레이션,"가죽, 가방 및 유사제품 제조업",핸드백 및 지갑,6,913,6850.0,0.0,0.0,-100.0,-100.0,0.0,5.26,3.76,3.71
587,197140,디지캡,소프트웨어 개발 및 공급업,"보호솔루션, 방송서비스솔루션 등",6,300,4050.0,0.0,0.0,-100.0,-100.0,0.0,4.72,5.53,16.0
588,200780,비씨월드제약,의약품 제조업,"마취통증약, 순환계약, 항생제, 기타처방약",6,1743,19600.0,0.0,0.0,-100.0,-100.0,0.0,6.47,10.13,10.42
589,201490,미투온,소프트웨어 개발 및 공급업,소셜 카지노 게임,5,2376,7600.0,0.0,0.0,-100.0,-100.0,0.0,15.94,17.07,4.93
590,203450,유니온커뮤니티,통신 및 방송 장비 제조업,지문인식출입통제기,5,431,2935.0,0.0,0.0,-100.0,-100.0,0.0,12.2,11.14,5.7
591,204020,그리티,봉제의복 제조업,"내의(원더브라, 플레이텍스, 미싱도로시, 르페)",6,554,2750.0,0.0,0.0,-100.0,-100.0,0.0,2.43,7.9,15.18
592,208710,바이오로그디바이스,전자부품 제조업,모바일용 카메라모듈 부품외,6,523,1810.0,0.0,0.0,-100.0,-100.0,0.0,11.98,13.28,8.77
593,208890,에듀파트너,교육지원 서비스업,방과후 교육,6,20,920.0,0.0,0.0,-100.0,-100.0,0.0,4.39,5.48,3.94
594,212560,네오오토,자동차 신품 부품 제조업,"피니언 기어, 디프 어셈블리, 대형기어",6,343,4350.0,0.0,0.0,-100.0,-100.0,0.0,3.18,7.73,5.84
595,213420,덕산네오룩스,전자부품 제조업,"HTL(정공수송층), HIL(정공주입층), RED HOST",6,8211,34200.0,0.0,0.0,-100.0,-100.0,0.0,12.73,14.28,14.52
596,214180,민앤지,기타 정보 서비스업,휴대폰부가서비스,6,1749,14150.0,0.0,0.0,-100.0,-100.0,0.0,15.71,14.79,17.03
597,214370,케어젠,기초 의약물질 및 생물학적 제제 제조업,"성장인자, 바이오미메틱펩타이드 기반 안면, 두피, 바디 코스메슈티컬 제품",6,7348,68400.0,0.0,0.0,-100.0,-100.0,0.0,13.31,8.01,8.73
598,214390,경보제약,기초 의약물질 및 생물학적 제제 제조업,"아토르바스타틴, 세프티족심, 세프트리약손",6,2690,11250.0,0.0,0.0,-100.0,-100.0,0.0,3.55,9.03,13.26
599,219130,타이거일렉,전자부품 제조업,인쇄회로기판 제조업,6,695,11000.0,0.0,0.0,-100.0,-100.0,0.0,3.77,5.34,10.02
600,219420,링크제니시스,소프트웨어 개발 및 공급업,"반도체, 디스플레이, 자동화 S/W 및 시스템 테스트 자동화 솔루션 개발(XCOMPRO, XGEM, MAT)",6,659,6590.0,0.0,0.0,-100.0,-100.0,0.0,2.26,10.27,23.58
601,220260,켐트로스,기타 화학제품 제조업,기타 화학제품 제조업,5,1174,4460.0,0.0,0.0,-100.0,-100.0,0.0,0.7,16.68,4.29
602,221980,케이디켐,기타 화학제품 제조업,PVC 안정제,6,480,11900.0,0.0,0.0,-100.0,-100.0,0.0,10.02,9.75,10.14
603,224110,에이텍티앤,통신 및 방송 장비 제조업,교통카드단말기,6,1020,19100.0,0.0,0.0,-100.0,-100.0,0.0,5.28,7.21,26.08
604,225190,삼양옵틱스,사진장비 및 광학기기 제조업,디지털 카메라용 교환렌즈,6,946,9380.0,0.0,0.0,-100.0,-100.0,0.0,35.97,34.73,51.21
605,225530,보광산업,기타 비금속 광물제품 제조업,"콘크리트용 부순골재, 아스콘, 레미콘",6,2163,5990.0,0.0,0.0,-100.0,-100.0,0.0,9.99,7.86,16.14
606,225590,패션플랫폼,봉제의복 제조업,여성복,5,284,1065.0,0.0,0.0,-100.0,-100.0,0.0,11.69,4.87,26.69
607,226320,잇츠한불,기타 화학제품 제조업,"스킨케어 베이직, 포인트 메이크업, 스킨케어 스페셜, 베이스 메이크업 등",6,4704,21450.0,0.0,0.0,-100.0,-100.0,0.0,-1.11,1.89,8.42
608,226340,본느,기타 화학제품 제조업,기업인수합병,5,766,2495.0,0.0,0.0,-100.0,-100.0,0.0,17.13,1.84,45.07
609,229640,LS전선아시아,기타 금융업,,5,2082,6800.0,0.0,0.0,-100.0,-100.0,0.0,12.07,8.18,10.69
610,234340,세틀뱅크,기타 정보 서비스업,"가상계좌중계, 간편현금결제",5,2595,28000.0,0.0,0.0,-100.0,-100.0,0.0,15.54,25.15,26.66
611,234690,녹십자웰빙,의약품 제조업,"전문의약품, 건강기능식품",6,2077,11700.0,0.0,0.0,-100.0,-100.0,0.0,10.18,21.15,17.84
612,236200,슈프리마,통신 및 방송 장비 제조업,바이오인식 관련 제품,6,2392,33250.0,0.0,0.0,-100.0,-100.0,0.0,21.18,11.06,9.8
613,237750,피앤씨테크,"전동기, 발전기 및 전기 변환 · 공급 · 제어 장치 제조업",배전자동화단말장치,6,387,5960.0,0.0,0.0,-100.0,-100.0,0.0,4.74,4.13,7.14
614,238200,비피도,기타 식품 제조업,프로바이오틱스 관련 완제품 및 균주 원말 등,6,744,18200.0,0.0,0.0,-100.0,-100.0,0.0,3.48,3.58,14.03
615,239610,에이치엘사이언스,기타 식품 제조업,건강기능식품 등,6,2910,56600.0,0.0,0.0,-100.0,-100.0,0.0,27.38,18.71,9.56
616,241520,DSC인베스트먼트,신탁업 및 집합투자업,투자조합 결성 및 투자,6,529,2905.0,0.0,0.0,-100.0,-100.0,0.0,18.82,19.53,10.97
617,241690,유니테크노,자동차 신품 부품 제조업,자동차 엔진파워트레인/모터 부품 제조 및 조립,6,1193,10000.0,0.0,0.0,-100.0,-100.0,0.0,8.7,9.47,11.82
618,241770,메카로,기타 화학제품 제조업,반도체용 전구체 및 히터블록,6,1273,12600.0,0.0,0.0,-100.0,-100.0,0.0,5.89,22.5,42.16
619,246690,TS인베스트먼트,신탁업 및 집합투자업,투자조합 결성 및 투자,6,542,2310.0,0.0,0.0,-100.0,-100.0,0.0,14.93,15.77,7.54
620,250000,보라티알,음·식료품 및 담배 도매업,"유가공품, 소스류, 파스타류",5,614,9090.0,0.0,0.0,-100.0,-100.0,0.0,6.26,9.77,24.34
621,251630,브이원텍,특수 목적용 기계 제조업,LCD/OLED 압흔검사기,6,1118,7430.0,0.0,0.0,-100.0,-100.0,0.0,8.37,22.1,25.67
622,251970,펌텍코리아,플라스틱제품 제조업,화장품 용기,5,1885,15200.0,0.0,0.0,-100.0,-100.0,0.0,18.07,28.89,30.19
623,258830,세종메디칼,의료용 기기 제조업,복강경수술용 투관침 등,6,776,11450.0,0.0,0.0,-100.0,-100.0,0.0,7.76,11.7,16.02
624,260970,에스앤디,기타 식품 제조업,그릴치킨농축액 외,6,395,130000.0,0.0,0.0,-100.0,-100.0,0.0,20.69,16.95,20.14
625,263770,유에스티,1차 철강 제조업,스테인레스강관,6,929,3920.0,0.0,0.0,-100.0,-100.0,0.0,5.64,2.87,12.85
626,263860,지니언스,소프트웨어 개발 및 공급업,네트워크 접근 제어 솔루션(NAC),5,468,4960.0,0.0,0.0,-100.0,-100.0,0.0,9.43,8.27,13.63
627,264660,씨앤지하이테크,특수 목적용 기계 제조업,"약액혼합공급장치, 화학약품재생장치",6,780,9280.0,0.0,0.0,-100.0,-100.0,0.0,19.05,24.08,40.14
628,269620,시스웍,"측정, 시험, 항해, 제어 및 기타 정밀기기 제조업; 광학기기 제외","클린룸 제어시스템, BLDC모터, 공조장치 제어기 등",6,414,2300.0,0.0,0.0,-100.0,-100.0,0.0,5.25,14.15,24.38
629,271780,비엔에프코퍼레이션,1차 비철금속 제조업,"솔더바, 솔더와이어, 솔더페이스트",5,55,1700.0,0.0,0.0,-100.0,-100.0,0.0,3.2,3.26,1.9
630,277070,린드먼아시아,신탁업 및 집합투자업,"투자조합, PEF 결성 및 투자",6,657,4870.0,0.0,0.0,-100.0,-100.0,0.0,9.73,12.51,15.13
631,289010,아이스크림에듀,"서적, 잡지 및 기타 인쇄물 출판업",아이스크림홈런,6,1019,7920.0,0.0,0.0,-100.0,-100.0,0.0,8.07,25.56,23.23
632,290380,대유,"비료, 농약 및 살균, 살충제 제조업","4종복합비료, 농약",6,1648,18200.0,0.0,0.0,-100.0,-100.0,0.0,7.91,13.43,20.14
633,293480,하나제약,의약품 제조업,완제의약품,5,3726,23000.0,0.0,0.0,-100.0,-100.0,0.0,13.3,18.28,35.63
634,293580,나우IB,기타 금융업,"투자조합, PEF 결성 및 투자",6,600,6330.0,0.0,0.0,-100.0,-100.0,0.0,4.24,3.77,11.46
635,297890,엘이티,특수 목적용 기계 제조업,"디스플레이 제조용 장비(도포기, 조립기, 검사기)",5,1297,18250.0,0.0,0.0,-100.0,-100.0,0.0,30.35,125.09,36.5
636,302430,이노메트리,특수 목적용 기계 제조업,엑스레이검사 장비,5,1785,18500.0,0.0,0.0,-100.0,-100.0,0.0,9.19,19.21,20.64
637,307930,컴퍼니케이,기타 금융업,중소 벤처기업 투자,6,1115,7140.0,0.0,0.0,-100.0,-100.0,0.0,22.88,25.53,0.0
638,317330,덕산테코피아,기타 화학제품 제조업,"OLED 소재, 반도체 소재",5,2610,14200.0,0.0,0.0,-100.0,-100.0,0.0,10.78,36.08,67.38
639,317850,대모,특수 목적용 기계 제조업,"유압브레이커, 특수장비/부품, 퀵커플러 등",6,460,5530.0,0.0,0.0,-100.0,-100.0,0.0,4.49,9.54,0.0
640,900080,에스앤씨엔진그룹,기타 금융업,"오토바이, 제초기, 자동차기어",6,244,197.0,0.0,0.0,-100.0,-100.0,0.0,1.28,4.27,4.96
641,900250,크리스탈신소재,기타 금융업,"합성운모 플레이크, 파우더, 테이프",6,1101,1625.0,0.0,0.0,-100.0,-100.0,0.0,9.0,11.08,13.58
642,900260,로스웰,기타 금융업,"CAN Control Gateway, CAN기능모듈, BCM 차체제어모듈",6,496,350.0,0.0,0.0,-100.0,-100.0,0.0,1.19,6.23,15.57
643,900270,헝셩그룹,기타 금융업,자회사 제품 : 아동용 완구 및 아동복 등,6,556,695.0,0.0,0.0,-100.0,-100.0,0.0,12.56,10.82,15.32
644,900280,골든센츄리,기타 금융업,트랙터용 휠 및 타이어,6,397,250.0,0.0,0.0,-100.0,-100.0,0.0,11.22,14.99,17.97
645,900300,오가닉티코스메틱,기타 금융업,"유아용 화장품(클렌징, 여름용, 피부케어, 기능성 화장품)",6,413,725.0,0.0,0.0,-100.0,-100.0,0.0,12.19,19.43,22.32
646,900310,컬러레이,기타 금융업,화장품용 진주광택안료,6,861,1595.0,0.0,0.0,-100.0,-100.0,0.0,16.67,21.94,31.54
647,035250,강원랜드,유원지 및 기타 오락관련 서비스업,"카지노,관광호텔,골프장,스키장,체육시설 운영",6,49099,22950.0,-7141.42,33049.11,-131.12,44.0,-2.71,9.16,8.39,12.96
648,065510,휴비츠,의료용 기기 제조업,"자동검안기, 자동렌즈미터",6,818,6880.0,-4975.74,0.0,-172.32,-100.0,-3.41,9.16,8.72,3.99
649,096770,SK이노베이션,석유 정제품 제조업,"석유정제,석유화학제품,윤활유제품,아스팔트제품,의약중간체 제조,판매,유전개발,대체에너지사업",5,122055,132000.0,-111146.13,148814.22,-184.2,12.74,-8.88,-0.2,9.12,11.96
650,004020,현대제철,1차 철강 제조업,"H형강,제철,제강,철근,압연,스테인레스,주강,시트파일 제조,수출입,중기부품(탱크바퀴)제조,판매",6,33962,25450.0,-50268.6,45309.6,-297.52,78.03,-0.83,0.1,2.39,4.35
